-- ============================================
-- INSERCIÓN DE DATOS GENERADOS
-- ============================================

-- Usuarios
INSERT INTO users_user (id, username, email, first_name, last_name, role, is_active, date_joined, password, is_superuser, is_staff, last_login) VALUES (1, 'ruizflorentina', 'jimenezandres@example.com', 'Alcides', 'Galiano', 'buyer', true, '2024-08-11', 'pbkdf2_sha256$dummy', false, false, NULL);
INSERT INTO users_user (id, username, email, first_name, last_name, role, is_active, date_joined, password, is_superuser, is_staff, last_login) VALUES (2, 'nnarvaez', 'ngilabert@example.com', 'César', 'Guevara', 'admin', true, '2024-05-14', 'pbkdf2_sha256$dummy', false, false, NULL);
INSERT INTO users_user (id, username, email, first_name, last_name, role, is_active, date_joined, password, is_superuser, is_staff, last_login) VALUES (3, 'pmolina', 'canasmartin@example.com', 'Nerea', 'Naranjo', 'admin', true, '2025-02-18', 'pbkdf2_sha256$dummy', false, false, NULL);
INSERT INTO users_user (id, username, email, first_name, last_name, role, is_active, date_joined, password, is_superuser, is_staff, last_login) VALUES (4, 'luis46', 'javiergil@example.net', 'Milena', 'Bohórquez', 'farmer', true, '2025-02-24', 'pbkdf2_sha256$dummy', false, false, NULL);
INSERT INTO users_user (id, username, email, first_name, last_name, role, is_active, date_joined, password, is_superuser, is_staff, last_login) VALUES (5, 'maria26', 'marquezluisa@example.net', 'Edmundo', 'Mir', 'admin', true, '2025-02-13', 'pbkdf2_sha256$dummy', false, false, NULL);
INSERT INTO users_user (id, username, email, first_name, last_name, role, is_active, date_joined, password, is_superuser, is_staff, last_login) VALUES (6, 'monicazabaleta', 'enrique65@example.net', 'Carolina', 'Palacios', 'admin', true, '2024-10-23', 'pbkdf2_sha256$dummy', false, false, NULL);
INSERT INTO users_user (id, username, email, first_name, last_name, role, is_active, date_joined, password, is_superuser, is_staff, last_login) VALUES (7, 'diegomantilla', 'isidoro40@example.com', 'Sancho', 'Ríos', 'farmer', true, '2025-05-02', 'pbkdf2_sha256$dummy', false, false, NULL);
INSERT INTO users_user (id, username, email, first_name, last_name, role, is_active, date_joined, password, is_superuser, is_staff, last_login) VALUES (8, 'morenoandres', 'rosaramos@example.org', 'Timoteo', 'Benavides', 'farmer', true, '2025-03-12', 'pbkdf2_sha256$dummy', false, false, NULL);
INSERT INTO users_user (id, username, email, first_name, last_name, role, is_active, date_joined, password, is_superuser, is_staff, last_login) VALUES (9, 'orlando31', 'callejarufino@example.net', 'Luis', 'Camps', 'farmer', true, '2024-11-02', 'pbkdf2_sha256$dummy', false, false, NULL);
INSERT INTO users_user (id, username, email, first_name, last_name, role, is_active, date_joined, password, is_superuser, is_staff, last_login) VALUES (10, 'valentina71', 'qbermudez@example.net', 'Chus', 'Alvarado', 'admin', true, '2024-08-14', 'pbkdf2_sha256$dummy', false, false, NULL);
INSERT INTO users_user (id, username, email, first_name, last_name, role, is_active, date_joined, password, is_superuser, is_staff, last_login) VALUES (11, 'bcampo', 'chamorrocarolina@example.org', 'Pacífica', 'Gamboa', 'buyer', true, '2024-12-16', 'pbkdf2_sha256$dummy', false, false, NULL);
INSERT INTO users_user (id, username, email, first_name, last_name, role, is_active, date_joined, password, is_superuser, is_staff, last_login) VALUES (12, 'enriquerivera', 'srojas@example.org', 'Ulises', 'Sánchez', 'buyer', true, '2025-03-06', 'pbkdf2_sha256$dummy', false, false, NULL);
INSERT INTO users_user (id, username, email, first_name, last_name, role, is_active, date_joined, password, is_superuser, is_staff, last_login) VALUES (13, 'jlozano', 'qcortes@example.net', 'Valentina', 'Arenas', 'buyer', true, '2024-08-08', 'pbkdf2_sha256$dummy', false, false, NULL);
INSERT INTO users_user (id, username, email, first_name, last_name, role, is_active, date_joined, password, is_superuser, is_staff, last_login) VALUES (14, 'johancortes', 'nazario76@example.com', 'Isabel', 'Ballesteros', 'farmer', true, '2025-02-03', 'pbkdf2_sha256$dummy', false, false, NULL);
INSERT INTO users_user (id, username, email, first_name, last_name, role, is_active, date_joined, password, is_superuser, is_staff, last_login) VALUES (15, 'bejaranoaura', 'qpalma@example.com', 'Fernando', 'Gil', 'farmer', true, '2025-02-13', 'pbkdf2_sha256$dummy', false, false, NULL);

-- Fincas
INSERT INTO farm_farm (id, name, location, area_hectares, owner_id) VALUES (1, 'Finca Castillo', 'Vereda El Café, Chinchiná', 14.29, 9);
INSERT INTO farm_farm (id, name, location, area_hectares, owner_id) VALUES (2, 'Finca Narváez', 'Vereda La Esperanza, Manizales', 8.35, 9);
INSERT INTO farm_farm (id, name, location, area_hectares, owner_id) VALUES (3, 'Finca Porcel', 'Vereda Santa Rita, Palestina', 3.81, 14);

-- Cultivos
INSERT INTO farm_crop (id, name, variety, planted_at, expected_harvest_at, farm_id) VALUES (1, 'Plátano', 'Hartón', '2024-07-26', '2025-04-22', 1);
INSERT INTO farm_crop (id, name, variety, planted_at, expected_harvest_at, farm_id) VALUES (2, 'Maíz', 'Amarillo', '2024-11-07', '2025-03-07', 1);
INSERT INTO farm_crop (id, name, variety, planted_at, expected_harvest_at, farm_id) VALUES (3, 'Café', 'Castillo', '2024-12-22', '2025-06-20', 1);
INSERT INTO farm_crop (id, name, variety, planted_at, expected_harvest_at, farm_id) VALUES (4, 'Plátano', 'Hartón', '2024-06-25', '2025-03-22', 1);
INSERT INTO farm_crop (id, name, variety, planted_at, expected_harvest_at, farm_id) VALUES (5, 'Yuca', 'Venezolana', '2024-09-16', '2025-05-14', 1);
INSERT INTO farm_crop (id, name, variety, planted_at, expected_harvest_at, farm_id) VALUES (6, 'Yuca', 'Venezolana', '2024-07-31', '2025-03-28', 2);
INSERT INTO farm_crop (id, name, variety, planted_at, expected_harvest_at, farm_id) VALUES (7, 'Yuca', 'Venezolana', '2024-07-05', '2025-03-02', 2);
INSERT INTO farm_crop (id, name, variety, planted_at, expected_harvest_at, farm_id) VALUES (8, 'Café', 'Caturra', '2024-10-26', '2025-04-24', 2);
INSERT INTO farm_crop (id, name, variety, planted_at, expected_harvest_at, farm_id) VALUES (9, 'Café', 'Caturra', '2024-11-24', '2025-05-23', 2);
INSERT INTO farm_crop (id, name, variety, planted_at, expected_harvest_at, farm_id) VALUES (10, 'Café', 'Castillo', '2025-01-05', '2025-07-04', 2);
INSERT INTO farm_crop (id, name, variety, planted_at, expected_harvest_at, farm_id) VALUES (11, 'Plátano', 'Hartón', '2025-01-09', '2025-10-06', 3);
INSERT INTO farm_crop (id, name, variety, planted_at, expected_harvest_at, farm_id) VALUES (12, 'Maíz', 'Amarillo', '2024-06-30', '2024-10-28', 3);
INSERT INTO farm_crop (id, name, variety, planted_at, expected_harvest_at, farm_id) VALUES (13, 'Yuca', 'Venezolana', '2024-12-25', '2025-08-22', 3);
INSERT INTO farm_crop (id, name, variety, planted_at, expected_harvest_at, farm_id) VALUES (14, 'Plátano', 'Hartón', '2024-06-29', '2025-03-26', 3);
INSERT INTO farm_crop (id, name, variety, planted_at, expected_harvest_at, farm_id) VALUES (15, 'Café', 'Castillo', '2024-09-04', '2025-03-03', 3);

-- Trabajadores
INSERT INTO commerce_worker (id, full_name, document, phone, is_active) VALUES (1, 'Fátima de Barroso', '93475049', '3110135614', true);
INSERT INTO commerce_worker (id, full_name, document, phone, is_active) VALUES (2, 'Juan Olivares Belmonte', '14633352', '3183573611', true);
INSERT INTO commerce_worker (id, full_name, document, phone, is_active) VALUES (3, 'Eduardo Macias Dominguez', '28337843', '3130347617', false);
INSERT INTO commerce_worker (id, full_name, document, phone, is_active) VALUES (4, 'Gladys Yaneth Caicedo Tovar', '78335299', '3125378533', true);
INSERT INTO commerce_worker (id, full_name, document, phone, is_active) VALUES (5, 'Beatriz Diana Barrera Espitia', '99172039', '3125174176', false);
INSERT INTO commerce_worker (id, full_name, document, phone, is_active) VALUES (6, 'Florina Torralba Ochoa', '54840032', '3132443483', false);
INSERT INTO commerce_worker (id, full_name, document, phone, is_active) VALUES (7, 'Hipólito Rincón Prada', '86380150', '3199487090', false);
INSERT INTO commerce_worker (id, full_name, document, phone, is_active) VALUES (8, 'Rubén Castro', '95409436', '3136951908', false);
INSERT INTO commerce_worker (id, full_name, document, phone, is_active) VALUES (9, 'Reynaldo Tomas', '73872022', '3114322637', false);
INSERT INTO commerce_worker (id, full_name, document, phone, is_active) VALUES (10, 'Marlon Rincón', '31135243', '3118448947', true);
INSERT INTO commerce_worker (id, full_name, document, phone, is_active) VALUES (11, 'Fredy García', '17592789', '3150329736', false);
INSERT INTO commerce_worker (id, full_name, document, phone, is_active) VALUES (12, 'Amador Nebot', '16751477', '3120970832', true);
INSERT INTO commerce_worker (id, full_name, document, phone, is_active) VALUES (13, 'Piedad Galván Ródenas', '57014220', '3163258249', false);
INSERT INTO commerce_worker (id, full_name, document, phone, is_active) VALUES (14, 'Alfredo Hernán Rangel', '97990183', '3179667030', false);
INSERT INTO commerce_worker (id, full_name, document, phone, is_active) VALUES (15, 'Jose Ramón Parra Merino', '46009790', '3148692181', false);
INSERT INTO commerce_worker (id, full_name, document, phone, is_active) VALUES (16, 'Gerardo Puig Cózar', '49326840', '3136580278', true);
INSERT INTO commerce_worker (id, full_name, document, phone, is_active) VALUES (17, 'Mauricio Prat-Saura', '96579351', '3111992879', false);
INSERT INTO commerce_worker (id, full_name, document, phone, is_active) VALUES (18, 'Vanessa Ramírez Bonilla', '75900627', '3159939524', false);
INSERT INTO commerce_worker (id, full_name, document, phone, is_active) VALUES (19, 'Graciano Dueñas Cabo', '32567392', '3146823092', true);
INSERT INTO commerce_worker (id, full_name, document, phone, is_active) VALUES (20, 'Adán de Llopis', '99203581', '3196083956', false);
INSERT INTO commerce_worker (id, full_name, document, phone, is_active) VALUES (21, 'Andrea Isabel Núñez', '68437352', '3168428425', true);
INSERT INTO commerce_worker (id, full_name, document, phone, is_active) VALUES (22, 'Teodosio Múgica Burgos', '41033151', '3100611601', true);
INSERT INTO commerce_worker (id, full_name, document, phone, is_active) VALUES (23, 'Jordán Mínguez Galán', '71533914', '3109128645', false);
INSERT INTO commerce_worker (id, full_name, document, phone, is_active) VALUES (24, 'Camilo Carlos Medina', '52901895', '3117423608', true);
INSERT INTO commerce_worker (id, full_name, document, phone, is_active) VALUES (25, 'Jose Luis Gaya Portillo', '38509089', '3190729797', true);

-- Compradores
INSERT INTO commerce_buyer (id, name, email, phone) VALUES (1, 'López Group', 'krodriguez@cordoba.com', '3137537055');
INSERT INTO commerce_buyer (id, name, email, phone) VALUES (2, 'Silva, Narváez and Campo', 'luzalvarez@ramirez.net', '3116618117');
INSERT INTO commerce_buyer (id, name, email, phone) VALUES (3, 'Méndez, Fuentes and Rubio', 'qfigueroa@montoya-guerra.com', '3130012685');
INSERT INTO commerce_buyer (id, name, email, phone) VALUES (4, 'Zapata LLC', 'yesica62@hotel.net', '3128299030');
INSERT INTO commerce_buyer (id, name, email, phone) VALUES (5, 'Hipólito Bernat Rueda S.Coop.', 'severinobenavides@ramos.es', '3181625096');
INSERT INTO commerce_buyer (id, name, email, phone) VALUES (6, 'Zapata-Becerra', 'adriana66@grupo.org', '3116212574');
INSERT INTO commerce_buyer (id, name, email, phone) VALUES (7, 'Parra, Garzón and Pinto', 'eduardogalindo@restrepo-franco.com', '3147597579');
INSERT INTO commerce_buyer (id, name, email, phone) VALUES (8, 'Ana Pedro Tovar S.Com.', 'mezapaola@rincon.com', '3185749067');
INSERT INTO commerce_buyer (id, name, email, phone) VALUES (9, 'Rubio Inc', 'sospina@acevedo.com', '3115034662');
INSERT INTO commerce_buyer (id, name, email, phone) VALUES (10, 'Sandoval-Vélez', 'arangocarmen@perez.biz', '3138646056');

-- Producción
INSERT INTO farm_production (id, date, quantity_kg, crop_id) VALUES (1, '2025-05-04', 77, 1);
INSERT INTO farm_production (id, date, quantity_kg, crop_id) VALUES (2, '2025-05-04', 25, 2);
INSERT INTO farm_production (id, date, quantity_kg, crop_id) VALUES (3, '2025-05-04', 79, 3);
INSERT INTO farm_production (id, date, quantity_kg, crop_id) VALUES (4, '2025-05-04', 39, 5);
INSERT INTO farm_production (id, date, quantity_kg, crop_id) VALUES (5, '2025-05-04', 71, 6);
INSERT INTO farm_production (id, date, quantity_kg, crop_id) VALUES (6, '2025-05-04', 78, 8);
INSERT INTO farm_production (id, date, quantity_kg, crop_id) VALUES (7, '2025-05-04', 67, 9);
INSERT INTO farm_production (id, date, quantity_kg, crop_id) VALUES (8, '2025-05-04', 80, 13);
INSERT INTO farm_production (id, date, quantity_kg, crop_id) VALUES (9, '2025-05-04', 54, 15);
INSERT INTO farm_production (id, date, quantity_kg, crop_id) VALUES (10, '2025-05-05', 51, 1);
INSERT INTO farm_production (id, date, quantity_kg, crop_id) VALUES (11, '2025-05-05', 27, 2);
INSERT INTO farm_production (id, date, quantity_kg, crop_id) VALUES (12, '2025-05-05', 21, 3);
INSERT INTO farm_production (id, date, quantity_kg, crop_id) VALUES (13, '2025-05-05', 63, 5);
INSERT INTO farm_production (id, date, quantity_kg, crop_id) VALUES (14, '2025-05-05', 71, 6);
INSERT INTO farm_production (id, date, quantity_kg, crop_id) VALUES (15, '2025-05-05', 72, 8);
INSERT INTO farm_production (id, date, quantity_kg, crop_id) VALUES (16, '2025-05-05', 46, 9);
INSERT INTO farm_production (id, date, quantity_kg, crop_id) VALUES (17, '2025-05-05', 34, 13);
INSERT INTO farm_production (id, date, quantity_kg, crop_id) VALUES (18, '2025-05-05', 58, 15);
INSERT INTO farm_production (id, date, quantity_kg, crop_id) VALUES (19, '2025-05-06', 69, 1);
INSERT INTO farm_production (id, date, quantity_kg, crop_id) VALUES (20, '2025-05-06', 32, 2);
INSERT INTO farm_production (id, date, quantity_kg, crop_id) VALUES (21, '2025-05-06', 80, 3);
INSERT INTO farm_production (id, date, quantity_kg, crop_id) VALUES (22, '2025-05-06', 68, 5);
INSERT INTO farm_production (id, date, quantity_kg, crop_id) VALUES (23, '2025-05-06', 72, 6);
INSERT INTO farm_production (id, date, quantity_kg, crop_id) VALUES (24, '2025-05-06', 32, 8);
INSERT INTO farm_production (id, date, quantity_kg, crop_id) VALUES (25, '2025-05-06', 68, 9);
INSERT INTO farm_production (id, date, quantity_kg, crop_id) VALUES (26, '2025-05-06', 21, 10);
INSERT INTO farm_production (id, date, quantity_kg, crop_id) VALUES (27, '2025-05-06', 47, 13);
INSERT INTO farm_production (id, date, quantity_kg, crop_id) VALUES (28, '2025-05-06', 60, 15);
INSERT INTO farm_production (id, date, quantity_kg, crop_id) VALUES (29, '2025-05-07', 58, 1);
INSERT INTO farm_production (id, date, quantity_kg, crop_id) VALUES (30, '2025-05-07', 49, 2);
INSERT INTO farm_production (id, date, quantity_kg, crop_id) VALUES (31, '2025-05-07', 79, 3);
INSERT INTO farm_production (id, date, quantity_kg, crop_id) VALUES (32, '2025-05-07', 57, 5);
INSERT INTO farm_production (id, date, quantity_kg, crop_id) VALUES (33, '2025-05-07', 34, 6);
INSERT INTO farm_production (id, date, quantity_kg, crop_id) VALUES (34, '2025-05-07', 74, 8);
INSERT INTO farm_production (id, date, quantity_kg, crop_id) VALUES (35, '2025-05-07', 70, 9);
INSERT INTO farm_production (id, date, quantity_kg, crop_id) VALUES (36, '2025-05-07', 32, 10);
INSERT INTO farm_production (id, date, quantity_kg, crop_id) VALUES (37, '2025-05-07', 71, 13);
INSERT INTO farm_production (id, date, quantity_kg, crop_id) VALUES (38, '2025-05-07', 59, 15);
INSERT INTO farm_production (id, date, quantity_kg, crop_id) VALUES (39, '2025-05-08', 42, 1);
INSERT INTO farm_production (id, date, quantity_kg, crop_id) VALUES (40, '2025-05-08', 62, 2);
INSERT INTO farm_production (id, date, quantity_kg, crop_id) VALUES (41, '2025-05-08', 75, 3);
INSERT INTO farm_production (id, date, quantity_kg, crop_id) VALUES (42, '2025-05-08', 29, 5);
INSERT INTO farm_production (id, date, quantity_kg, crop_id) VALUES (43, '2025-05-08', 26, 6);
INSERT INTO farm_production (id, date, quantity_kg, crop_id) VALUES (44, '2025-05-08', 64, 8);
INSERT INTO farm_production (id, date, quantity_kg, crop_id) VALUES (45, '2025-05-08', 80, 9);
INSERT INTO farm_production (id, date, quantity_kg, crop_id) VALUES (46, '2025-05-08', 50, 10);
INSERT INTO farm_production (id, date, quantity_kg, crop_id) VALUES (47, '2025-05-08', 26, 13);
INSERT INTO farm_production (id, date, quantity_kg, crop_id) VALUES (48, '2025-05-08', 54, 15);
INSERT INTO farm_production (id, date, quantity_kg, crop_id) VALUES (49, '2025-05-09', 41, 1);
INSERT INTO farm_production (id, date, quantity_kg, crop_id) VALUES (50, '2025-05-09', 50, 2);
INSERT INTO farm_production (id, date, quantity_kg, crop_id) VALUES (51, '2025-05-09', 73, 3);
INSERT INTO farm_production (id, date, quantity_kg, crop_id) VALUES (52, '2025-05-09', 41, 5);
INSERT INTO farm_production (id, date, quantity_kg, crop_id) VALUES (53, '2025-05-09', 57, 6);
INSERT INTO farm_production (id, date, quantity_kg, crop_id) VALUES (54, '2025-05-09', 45, 8);
INSERT INTO farm_production (id, date, quantity_kg, crop_id) VALUES (55, '2025-05-09', 31, 9);
INSERT INTO farm_production (id, date, quantity_kg, crop_id) VALUES (56, '2025-05-09', 38, 10);
INSERT INTO farm_production (id, date, quantity_kg, crop_id) VALUES (57, '2025-05-09', 63, 13);
INSERT INTO farm_production (id, date, quantity_kg, crop_id) VALUES (58, '2025-05-09', 24, 15);
INSERT INTO farm_production (id, date, quantity_kg, crop_id) VALUES (59, '2025-05-10', 68, 1);
INSERT INTO farm_production (id, date, quantity_kg, crop_id) VALUES (60, '2025-05-10', 62, 2);
INSERT INTO farm_production (id, date, quantity_kg, crop_id) VALUES (61, '2025-05-10', 44, 3);
INSERT INTO farm_production (id, date, quantity_kg, crop_id) VALUES (62, '2025-05-10', 69, 5);
INSERT INTO farm_production (id, date, quantity_kg, crop_id) VALUES (63, '2025-05-10', 66, 6);
INSERT INTO farm_production (id, date, quantity_kg, crop_id) VALUES (64, '2025-05-10', 32, 8);
INSERT INTO farm_production (id, date, quantity_kg, crop_id) VALUES (65, '2025-05-10', 37, 9);
INSERT INTO farm_production (id, date, quantity_kg, crop_id) VALUES (66, '2025-05-10', 67, 10);
INSERT INTO farm_production (id, date, quantity_kg, crop_id) VALUES (67, '2025-05-10', 74, 11);
INSERT INTO farm_production (id, date, quantity_kg, crop_id) VALUES (68, '2025-05-10', 56, 13);
INSERT INTO farm_production (id, date, quantity_kg, crop_id) VALUES (69, '2025-05-10', 68, 15);
INSERT INTO farm_production (id, date, quantity_kg, crop_id) VALUES (70, '2025-05-11', 55, 1);
INSERT INTO farm_production (id, date, quantity_kg, crop_id) VALUES (71, '2025-05-11', 36, 2);
INSERT INTO farm_production (id, date, quantity_kg, crop_id) VALUES (72, '2025-05-11', 29, 3);
INSERT INTO farm_production (id, date, quantity_kg, crop_id) VALUES (73, '2025-05-11', 41, 5);
INSERT INTO farm_production (id, date, quantity_kg, crop_id) VALUES (74, '2025-05-11', 47, 6);
INSERT INTO farm_production (id, date, quantity_kg, crop_id) VALUES (75, '2025-05-11', 80, 8);
INSERT INTO farm_production (id, date, quantity_kg, crop_id) VALUES (76, '2025-05-11', 75, 9);
INSERT INTO farm_production (id, date, quantity_kg, crop_id) VALUES (77, '2025-05-11', 39, 10);
INSERT INTO farm_production (id, date, quantity_kg, crop_id) VALUES (78, '2025-05-11', 58, 11);
INSERT INTO farm_production (id, date, quantity_kg, crop_id) VALUES (79, '2025-05-11', 55, 13);
INSERT INTO farm_production (id, date, quantity_kg, crop_id) VALUES (80, '2025-05-11', 28, 15);
INSERT INTO farm_production (id, date, quantity_kg, crop_id) VALUES (81, '2025-05-12', 65, 1);
INSERT INTO farm_production (id, date, quantity_kg, crop_id) VALUES (82, '2025-05-12', 43, 2);
INSERT INTO farm_production (id, date, quantity_kg, crop_id) VALUES (83, '2025-05-12', 70, 3);
INSERT INTO farm_production (id, date, quantity_kg, crop_id) VALUES (84, '2025-05-12', 71, 5);
INSERT INTO farm_production (id, date, quantity_kg, crop_id) VALUES (85, '2025-05-12', 29, 6);
INSERT INTO farm_production (id, date, quantity_kg, crop_id) VALUES (86, '2025-05-12', 41, 8);
INSERT INTO farm_production (id, date, quantity_kg, crop_id) VALUES (87, '2025-05-12', 48, 9);
INSERT INTO farm_production (id, date, quantity_kg, crop_id) VALUES (88, '2025-05-12', 62, 10);
INSERT INTO farm_production (id, date, quantity_kg, crop_id) VALUES (89, '2025-05-12', 67, 11);
INSERT INTO farm_production (id, date, quantity_kg, crop_id) VALUES (90, '2025-05-12', 46, 13);
INSERT INTO farm_production (id, date, quantity_kg, crop_id) VALUES (91, '2025-05-12', 56, 15);
INSERT INTO farm_production (id, date, quantity_kg, crop_id) VALUES (92, '2025-05-13', 20, 1);
INSERT INTO farm_production (id, date, quantity_kg, crop_id) VALUES (93, '2025-05-13', 61, 2);
INSERT INTO farm_production (id, date, quantity_kg, crop_id) VALUES (94, '2025-05-13', 60, 3);
INSERT INTO farm_production (id, date, quantity_kg, crop_id) VALUES (95, '2025-05-13', 68, 5);
INSERT INTO farm_production (id, date, quantity_kg, crop_id) VALUES (96, '2025-05-13', 72, 6);
INSERT INTO farm_production (id, date, quantity_kg, crop_id) VALUES (97, '2025-05-13', 79, 8);
INSERT INTO farm_production (id, date, quantity_kg, crop_id) VALUES (98, '2025-05-13', 49, 9);
INSERT INTO farm_production (id, date, quantity_kg, crop_id) VALUES (99, '2025-05-13', 45, 10);
INSERT INTO farm_production (id, date, quantity_kg, crop_id) VALUES (100, '2025-05-13', 66, 11);
INSERT INTO farm_production (id, date, quantity_kg, crop_id) VALUES (101, '2025-05-13', 22, 13);
INSERT INTO farm_production (id, date, quantity_kg, crop_id) VALUES (102, '2025-05-13', 42, 15);
INSERT INTO farm_production (id, date, quantity_kg, crop_id) VALUES (103, '2025-05-14', 63, 1);
INSERT INTO farm_production (id, date, quantity_kg, crop_id) VALUES (104, '2025-05-14', 60, 2);
INSERT INTO farm_production (id, date, quantity_kg, crop_id) VALUES (105, '2025-05-14', 42, 3);
INSERT INTO farm_production (id, date, quantity_kg, crop_id) VALUES (106, '2025-05-14', 67, 5);
INSERT INTO farm_production (id, date, quantity_kg, crop_id) VALUES (107, '2025-05-14', 41, 6);
INSERT INTO farm_production (id, date, quantity_kg, crop_id) VALUES (108, '2025-05-14', 20, 8);
INSERT INTO farm_production (id, date, quantity_kg, crop_id) VALUES (109, '2025-05-14', 78, 9);
INSERT INTO farm_production (id, date, quantity_kg, crop_id) VALUES (110, '2025-05-14', 20, 10);
INSERT INTO farm_production (id, date, quantity_kg, crop_id) VALUES (111, '2025-05-14', 43, 11);
INSERT INTO farm_production (id, date, quantity_kg, crop_id) VALUES (112, '2025-05-14', 48, 13);
INSERT INTO farm_production (id, date, quantity_kg, crop_id) VALUES (113, '2025-05-14', 26, 15);
INSERT INTO farm_production (id, date, quantity_kg, crop_id) VALUES (114, '2025-05-15', 63, 1);
INSERT INTO farm_production (id, date, quantity_kg, crop_id) VALUES (115, '2025-05-15', 21, 2);
INSERT INTO farm_production (id, date, quantity_kg, crop_id) VALUES (116, '2025-05-15', 80, 3);
INSERT INTO farm_production (id, date, quantity_kg, crop_id) VALUES (117, '2025-05-15', 21, 5);
INSERT INTO farm_production (id, date, quantity_kg, crop_id) VALUES (118, '2025-05-15', 78, 6);
INSERT INTO farm_production (id, date, quantity_kg, crop_id) VALUES (119, '2025-05-15', 64, 8);
INSERT INTO farm_production (id, date, quantity_kg, crop_id) VALUES (120, '2025-05-15', 48, 9);
INSERT INTO farm_production (id, date, quantity_kg, crop_id) VALUES (121, '2025-05-15', 23, 10);
INSERT INTO farm_production (id, date, quantity_kg, crop_id) VALUES (122, '2025-05-15', 79, 11);
INSERT INTO farm_production (id, date, quantity_kg, crop_id) VALUES (123, '2025-05-15', 46, 13);
INSERT INTO farm_production (id, date, quantity_kg, crop_id) VALUES (124, '2025-05-15', 77, 15);
INSERT INTO farm_production (id, date, quantity_kg, crop_id) VALUES (125, '2025-05-16', 58, 1);
INSERT INTO farm_production (id, date, quantity_kg, crop_id) VALUES (126, '2025-05-16', 53, 2);
INSERT INTO farm_production (id, date, quantity_kg, crop_id) VALUES (127, '2025-05-16', 57, 3);
INSERT INTO farm_production (id, date, quantity_kg, crop_id) VALUES (128, '2025-05-16', 39, 5);
INSERT INTO farm_production (id, date, quantity_kg, crop_id) VALUES (129, '2025-05-16', 70, 6);
INSERT INTO farm_production (id, date, quantity_kg, crop_id) VALUES (130, '2025-05-16', 40, 8);
INSERT INTO farm_production (id, date, quantity_kg, crop_id) VALUES (131, '2025-05-16', 59, 9);
INSERT INTO farm_production (id, date, quantity_kg, crop_id) VALUES (132, '2025-05-16', 70, 10);
INSERT INTO farm_production (id, date, quantity_kg, crop_id) VALUES (133, '2025-05-16', 65, 11);
INSERT INTO farm_production (id, date, quantity_kg, crop_id) VALUES (134, '2025-05-16', 38, 13);
INSERT INTO farm_production (id, date, quantity_kg, crop_id) VALUES (135, '2025-05-16', 24, 15);
INSERT INTO farm_production (id, date, quantity_kg, crop_id) VALUES (136, '2025-05-17', 31, 1);
INSERT INTO farm_production (id, date, quantity_kg, crop_id) VALUES (137, '2025-05-17', 28, 2);
INSERT INTO farm_production (id, date, quantity_kg, crop_id) VALUES (138, '2025-05-17', 21, 3);
INSERT INTO farm_production (id, date, quantity_kg, crop_id) VALUES (139, '2025-05-17', 27, 5);
INSERT INTO farm_production (id, date, quantity_kg, crop_id) VALUES (140, '2025-05-17', 49, 6);
INSERT INTO farm_production (id, date, quantity_kg, crop_id) VALUES (141, '2025-05-17', 31, 8);
INSERT INTO farm_production (id, date, quantity_kg, crop_id) VALUES (142, '2025-05-17', 67, 9);
INSERT INTO farm_production (id, date, quantity_kg, crop_id) VALUES (143, '2025-05-17', 60, 10);
INSERT INTO farm_production (id, date, quantity_kg, crop_id) VALUES (144, '2025-05-17', 66, 11);
INSERT INTO farm_production (id, date, quantity_kg, crop_id) VALUES (145, '2025-05-17', 46, 13);
INSERT INTO farm_production (id, date, quantity_kg, crop_id) VALUES (146, '2025-05-17', 66, 15);
INSERT INTO farm_production (id, date, quantity_kg, crop_id) VALUES (147, '2025-05-18', 21, 1);
INSERT INTO farm_production (id, date, quantity_kg, crop_id) VALUES (148, '2025-05-18', 76, 2);
INSERT INTO farm_production (id, date, quantity_kg, crop_id) VALUES (149, '2025-05-18', 64, 3);
INSERT INTO farm_production (id, date, quantity_kg, crop_id) VALUES (150, '2025-05-18', 49, 5);
INSERT INTO farm_production (id, date, quantity_kg, crop_id) VALUES (151, '2025-05-18', 35, 6);
INSERT INTO farm_production (id, date, quantity_kg, crop_id) VALUES (152, '2025-05-18', 51, 8);
INSERT INTO farm_production (id, date, quantity_kg, crop_id) VALUES (153, '2025-05-18', 24, 9);
INSERT INTO farm_production (id, date, quantity_kg, crop_id) VALUES (154, '2025-05-18', 58, 10);
INSERT INTO farm_production (id, date, quantity_kg, crop_id) VALUES (155, '2025-05-18', 27, 11);
INSERT INTO farm_production (id, date, quantity_kg, crop_id) VALUES (156, '2025-05-18', 76, 13);
INSERT INTO farm_production (id, date, quantity_kg, crop_id) VALUES (157, '2025-05-18', 34, 15);
INSERT INTO farm_production (id, date, quantity_kg, crop_id) VALUES (158, '2025-05-19', 38, 1);
INSERT INTO farm_production (id, date, quantity_kg, crop_id) VALUES (159, '2025-05-19', 20, 2);
INSERT INTO farm_production (id, date, quantity_kg, crop_id) VALUES (160, '2025-05-19', 28, 3);
INSERT INTO farm_production (id, date, quantity_kg, crop_id) VALUES (161, '2025-05-19', 21, 5);
INSERT INTO farm_production (id, date, quantity_kg, crop_id) VALUES (162, '2025-05-19', 79, 6);
INSERT INTO farm_production (id, date, quantity_kg, crop_id) VALUES (163, '2025-05-19', 66, 8);
INSERT INTO farm_production (id, date, quantity_kg, crop_id) VALUES (164, '2025-05-19', 37, 9);
INSERT INTO farm_production (id, date, quantity_kg, crop_id) VALUES (165, '2025-05-19', 57, 10);
INSERT INTO farm_production (id, date, quantity_kg, crop_id) VALUES (166, '2025-05-19', 43, 11);
INSERT INTO farm_production (id, date, quantity_kg, crop_id) VALUES (167, '2025-05-19', 44, 13);
INSERT INTO farm_production (id, date, quantity_kg, crop_id) VALUES (168, '2025-05-19', 37, 15);
INSERT INTO farm_production (id, date, quantity_kg, crop_id) VALUES (169, '2025-05-20', 41, 1);
INSERT INTO farm_production (id, date, quantity_kg, crop_id) VALUES (170, '2025-05-20', 36, 2);
INSERT INTO farm_production (id, date, quantity_kg, crop_id) VALUES (171, '2025-05-20', 49, 3);
INSERT INTO farm_production (id, date, quantity_kg, crop_id) VALUES (172, '2025-05-20', 61, 5);
INSERT INTO farm_production (id, date, quantity_kg, crop_id) VALUES (173, '2025-05-20', 77, 6);
INSERT INTO farm_production (id, date, quantity_kg, crop_id) VALUES (174, '2025-05-20', 35, 8);
INSERT INTO farm_production (id, date, quantity_kg, crop_id) VALUES (175, '2025-05-20', 58, 9);
INSERT INTO farm_production (id, date, quantity_kg, crop_id) VALUES (176, '2025-05-20', 35, 10);
INSERT INTO farm_production (id, date, quantity_kg, crop_id) VALUES (177, '2025-05-20', 43, 11);
INSERT INTO farm_production (id, date, quantity_kg, crop_id) VALUES (178, '2025-05-20', 46, 13);
INSERT INTO farm_production (id, date, quantity_kg, crop_id) VALUES (179, '2025-05-20', 55, 15);
INSERT INTO farm_production (id, date, quantity_kg, crop_id) VALUES (180, '2025-05-21', 39, 1);
INSERT INTO farm_production (id, date, quantity_kg, crop_id) VALUES (181, '2025-05-21', 26, 2);
INSERT INTO farm_production (id, date, quantity_kg, crop_id) VALUES (182, '2025-05-21', 63, 3);
INSERT INTO farm_production (id, date, quantity_kg, crop_id) VALUES (183, '2025-05-21', 59, 5);
INSERT INTO farm_production (id, date, quantity_kg, crop_id) VALUES (184, '2025-05-21', 58, 6);
INSERT INTO farm_production (id, date, quantity_kg, crop_id) VALUES (185, '2025-05-21', 43, 8);
INSERT INTO farm_production (id, date, quantity_kg, crop_id) VALUES (186, '2025-05-21', 63, 9);
INSERT INTO farm_production (id, date, quantity_kg, crop_id) VALUES (187, '2025-05-21', 70, 10);
INSERT INTO farm_production (id, date, quantity_kg, crop_id) VALUES (188, '2025-05-21', 55, 11);
INSERT INTO farm_production (id, date, quantity_kg, crop_id) VALUES (189, '2025-05-21', 46, 13);
INSERT INTO farm_production (id, date, quantity_kg, crop_id) VALUES (190, '2025-05-21', 64, 15);
INSERT INTO farm_production (id, date, quantity_kg, crop_id) VALUES (191, '2025-05-22', 44, 2);
INSERT INTO farm_production (id, date, quantity_kg, crop_id) VALUES (192, '2025-05-22', 33, 3);
INSERT INTO farm_production (id, date, quantity_kg, crop_id) VALUES (193, '2025-05-22', 51, 5);
INSERT INTO farm_production (id, date, quantity_kg, crop_id) VALUES (194, '2025-05-22', 71, 6);
INSERT INTO farm_production (id, date, quantity_kg, crop_id) VALUES (195, '2025-05-22', 52, 8);
INSERT INTO farm_production (id, date, quantity_kg, crop_id) VALUES (196, '2025-05-22', 31, 9);
INSERT INTO farm_production (id, date, quantity_kg, crop_id) VALUES (197, '2025-05-22', 45, 10);
INSERT INTO farm_production (id, date, quantity_kg, crop_id) VALUES (198, '2025-05-22', 23, 11);
INSERT INTO farm_production (id, date, quantity_kg, crop_id) VALUES (199, '2025-05-22', 20, 13);
INSERT INTO farm_production (id, date, quantity_kg, crop_id) VALUES (200, '2025-05-22', 67, 15);
INSERT INTO farm_production (id, date, quantity_kg, crop_id) VALUES (201, '2025-05-23', 67, 2);
INSERT INTO farm_production (id, date, quantity_kg, crop_id) VALUES (202, '2025-05-23', 48, 3);
INSERT INTO farm_production (id, date, quantity_kg, crop_id) VALUES (203, '2025-05-23', 76, 5);
INSERT INTO farm_production (id, date, quantity_kg, crop_id) VALUES (204, '2025-05-23', 76, 6);
INSERT INTO farm_production (id, date, quantity_kg, crop_id) VALUES (205, '2025-05-23', 35, 8);
INSERT INTO farm_production (id, date, quantity_kg, crop_id) VALUES (206, '2025-05-23', 56, 9);
INSERT INTO farm_production (id, date, quantity_kg, crop_id) VALUES (207, '2025-05-23', 73, 10);
INSERT INTO farm_production (id, date, quantity_kg, crop_id) VALUES (208, '2025-05-23', 62, 11);
INSERT INTO farm_production (id, date, quantity_kg, crop_id) VALUES (209, '2025-05-23', 26, 13);
INSERT INTO farm_production (id, date, quantity_kg, crop_id) VALUES (210, '2025-05-23', 26, 15);
INSERT INTO farm_production (id, date, quantity_kg, crop_id) VALUES (211, '2025-05-24', 20, 2);
INSERT INTO farm_production (id, date, quantity_kg, crop_id) VALUES (212, '2025-05-24', 51, 3);
INSERT INTO farm_production (id, date, quantity_kg, crop_id) VALUES (213, '2025-05-24', 31, 5);
INSERT INTO farm_production (id, date, quantity_kg, crop_id) VALUES (214, '2025-05-24', 32, 6);
INSERT INTO farm_production (id, date, quantity_kg, crop_id) VALUES (215, '2025-05-24', 24, 8);
INSERT INTO farm_production (id, date, quantity_kg, crop_id) VALUES (216, '2025-05-24', 71, 9);
INSERT INTO farm_production (id, date, quantity_kg, crop_id) VALUES (217, '2025-05-24', 79, 10);
INSERT INTO farm_production (id, date, quantity_kg, crop_id) VALUES (218, '2025-05-24', 65, 11);
INSERT INTO farm_production (id, date, quantity_kg, crop_id) VALUES (219, '2025-05-24', 72, 13);
INSERT INTO farm_production (id, date, quantity_kg, crop_id) VALUES (220, '2025-05-24', 53, 15);
INSERT INTO farm_production (id, date, quantity_kg, crop_id) VALUES (221, '2025-05-25', 66, 2);
INSERT INTO farm_production (id, date, quantity_kg, crop_id) VALUES (222, '2025-05-25', 24, 3);
INSERT INTO farm_production (id, date, quantity_kg, crop_id) VALUES (223, '2025-05-25', 62, 5);
INSERT INTO farm_production (id, date, quantity_kg, crop_id) VALUES (224, '2025-05-25', 68, 6);
INSERT INTO farm_production (id, date, quantity_kg, crop_id) VALUES (225, '2025-05-25', 25, 8);
INSERT INTO farm_production (id, date, quantity_kg, crop_id) VALUES (226, '2025-05-25', 64, 9);
INSERT INTO farm_production (id, date, quantity_kg, crop_id) VALUES (227, '2025-05-25', 79, 10);
INSERT INTO farm_production (id, date, quantity_kg, crop_id) VALUES (228, '2025-05-25', 50, 11);
INSERT INTO farm_production (id, date, quantity_kg, crop_id) VALUES (229, '2025-05-25', 24, 13);
INSERT INTO farm_production (id, date, quantity_kg, crop_id) VALUES (230, '2025-05-25', 21, 15);
INSERT INTO farm_production (id, date, quantity_kg, crop_id) VALUES (231, '2025-05-26', 77, 2);
INSERT INTO farm_production (id, date, quantity_kg, crop_id) VALUES (232, '2025-05-26', 31, 3);
INSERT INTO farm_production (id, date, quantity_kg, crop_id) VALUES (233, '2025-05-26', 78, 5);
INSERT INTO farm_production (id, date, quantity_kg, crop_id) VALUES (234, '2025-05-26', 49, 6);
INSERT INTO farm_production (id, date, quantity_kg, crop_id) VALUES (235, '2025-05-26', 78, 8);
INSERT INTO farm_production (id, date, quantity_kg, crop_id) VALUES (236, '2025-05-26', 34, 9);
INSERT INTO farm_production (id, date, quantity_kg, crop_id) VALUES (237, '2025-05-26', 47, 10);
INSERT INTO farm_production (id, date, quantity_kg, crop_id) VALUES (238, '2025-05-26', 21, 11);
INSERT INTO farm_production (id, date, quantity_kg, crop_id) VALUES (239, '2025-05-26', 35, 13);
INSERT INTO farm_production (id, date, quantity_kg, crop_id) VALUES (240, '2025-05-26', 63, 15);
INSERT INTO farm_production (id, date, quantity_kg, crop_id) VALUES (241, '2025-05-27', 72, 2);
INSERT INTO farm_production (id, date, quantity_kg, crop_id) VALUES (242, '2025-05-27', 21, 3);
INSERT INTO farm_production (id, date, quantity_kg, crop_id) VALUES (243, '2025-05-27', 69, 5);
INSERT INTO farm_production (id, date, quantity_kg, crop_id) VALUES (244, '2025-05-27', 75, 8);
INSERT INTO farm_production (id, date, quantity_kg, crop_id) VALUES (245, '2025-05-27', 47, 9);
INSERT INTO farm_production (id, date, quantity_kg, crop_id) VALUES (246, '2025-05-27', 48, 10);
INSERT INTO farm_production (id, date, quantity_kg, crop_id) VALUES (247, '2025-05-27', 56, 11);
INSERT INTO farm_production (id, date, quantity_kg, crop_id) VALUES (248, '2025-05-27', 45, 13);
INSERT INTO farm_production (id, date, quantity_kg, crop_id) VALUES (249, '2025-05-27', 64, 15);
INSERT INTO farm_production (id, date, quantity_kg, crop_id) VALUES (250, '2025-05-28', 39, 2);
INSERT INTO farm_production (id, date, quantity_kg, crop_id) VALUES (251, '2025-05-28', 31, 3);
INSERT INTO farm_production (id, date, quantity_kg, crop_id) VALUES (252, '2025-05-28', 51, 5);
INSERT INTO farm_production (id, date, quantity_kg, crop_id) VALUES (253, '2025-05-28', 54, 8);
INSERT INTO farm_production (id, date, quantity_kg, crop_id) VALUES (254, '2025-05-28', 29, 9);
INSERT INTO farm_production (id, date, quantity_kg, crop_id) VALUES (255, '2025-05-28', 69, 10);
INSERT INTO farm_production (id, date, quantity_kg, crop_id) VALUES (256, '2025-05-28', 80, 11);
INSERT INTO farm_production (id, date, quantity_kg, crop_id) VALUES (257, '2025-05-28', 55, 13);
INSERT INTO farm_production (id, date, quantity_kg, crop_id) VALUES (258, '2025-05-28', 51, 15);
INSERT INTO farm_production (id, date, quantity_kg, crop_id) VALUES (259, '2025-05-29', 46, 2);
INSERT INTO farm_production (id, date, quantity_kg, crop_id) VALUES (260, '2025-05-29', 30, 3);
INSERT INTO farm_production (id, date, quantity_kg, crop_id) VALUES (261, '2025-05-29', 25, 5);
INSERT INTO farm_production (id, date, quantity_kg, crop_id) VALUES (262, '2025-05-29', 72, 8);
INSERT INTO farm_production (id, date, quantity_kg, crop_id) VALUES (263, '2025-05-29', 78, 9);
INSERT INTO farm_production (id, date, quantity_kg, crop_id) VALUES (264, '2025-05-29', 26, 10);
INSERT INTO farm_production (id, date, quantity_kg, crop_id) VALUES (265, '2025-05-29', 39, 11);
INSERT INTO farm_production (id, date, quantity_kg, crop_id) VALUES (266, '2025-05-29', 48, 13);
INSERT INTO farm_production (id, date, quantity_kg, crop_id) VALUES (267, '2025-05-29', 30, 15);
INSERT INTO farm_production (id, date, quantity_kg, crop_id) VALUES (268, '2025-05-30', 43, 2);
INSERT INTO farm_production (id, date, quantity_kg, crop_id) VALUES (269, '2025-05-30', 69, 3);
INSERT INTO farm_production (id, date, quantity_kg, crop_id) VALUES (270, '2025-05-30', 71, 5);
INSERT INTO farm_production (id, date, quantity_kg, crop_id) VALUES (271, '2025-05-30', 66, 8);
INSERT INTO farm_production (id, date, quantity_kg, crop_id) VALUES (272, '2025-05-30', 67, 9);
INSERT INTO farm_production (id, date, quantity_kg, crop_id) VALUES (273, '2025-05-30', 25, 10);
INSERT INTO farm_production (id, date, quantity_kg, crop_id) VALUES (274, '2025-05-30', 42, 11);
INSERT INTO farm_production (id, date, quantity_kg, crop_id) VALUES (275, '2025-05-30', 79, 13);
INSERT INTO farm_production (id, date, quantity_kg, crop_id) VALUES (276, '2025-05-30', 27, 15);
INSERT INTO farm_production (id, date, quantity_kg, crop_id) VALUES (277, '2025-05-31', 47, 2);
INSERT INTO farm_production (id, date, quantity_kg, crop_id) VALUES (278, '2025-05-31', 26, 3);
INSERT INTO farm_production (id, date, quantity_kg, crop_id) VALUES (279, '2025-05-31', 50, 5);
INSERT INTO farm_production (id, date, quantity_kg, crop_id) VALUES (280, '2025-05-31', 64, 8);
INSERT INTO farm_production (id, date, quantity_kg, crop_id) VALUES (281, '2025-05-31', 43, 9);
INSERT INTO farm_production (id, date, quantity_kg, crop_id) VALUES (282, '2025-05-31', 61, 10);
INSERT INTO farm_production (id, date, quantity_kg, crop_id) VALUES (283, '2025-05-31', 40, 11);
INSERT INTO farm_production (id, date, quantity_kg, crop_id) VALUES (284, '2025-05-31', 49, 13);
INSERT INTO farm_production (id, date, quantity_kg, crop_id) VALUES (285, '2025-05-31', 41, 15);
INSERT INTO farm_production (id, date, quantity_kg, crop_id) VALUES (286, '2025-06-01', 35, 2);
INSERT INTO farm_production (id, date, quantity_kg, crop_id) VALUES (287, '2025-06-01', 30, 3);
INSERT INTO farm_production (id, date, quantity_kg, crop_id) VALUES (288, '2025-06-01', 80, 5);
INSERT INTO farm_production (id, date, quantity_kg, crop_id) VALUES (289, '2025-06-01', 33, 8);
INSERT INTO farm_production (id, date, quantity_kg, crop_id) VALUES (290, '2025-06-01', 24, 9);
INSERT INTO farm_production (id, date, quantity_kg, crop_id) VALUES (291, '2025-06-01', 74, 10);
INSERT INTO farm_production (id, date, quantity_kg, crop_id) VALUES (292, '2025-06-01', 43, 11);
INSERT INTO farm_production (id, date, quantity_kg, crop_id) VALUES (293, '2025-06-01', 73, 13);
INSERT INTO farm_production (id, date, quantity_kg, crop_id) VALUES (294, '2025-06-01', 33, 15);
INSERT INTO farm_production (id, date, quantity_kg, crop_id) VALUES (295, '2025-06-02', 25, 2);
INSERT INTO farm_production (id, date, quantity_kg, crop_id) VALUES (296, '2025-06-02', 53, 3);
INSERT INTO farm_production (id, date, quantity_kg, crop_id) VALUES (297, '2025-06-02', 26, 5);
INSERT INTO farm_production (id, date, quantity_kg, crop_id) VALUES (298, '2025-06-02', 60, 8);
INSERT INTO farm_production (id, date, quantity_kg, crop_id) VALUES (299, '2025-06-02', 34, 9);
INSERT INTO farm_production (id, date, quantity_kg, crop_id) VALUES (300, '2025-06-02', 23, 10);
INSERT INTO farm_production (id, date, quantity_kg, crop_id) VALUES (301, '2025-06-02', 74, 11);
INSERT INTO farm_production (id, date, quantity_kg, crop_id) VALUES (302, '2025-06-02', 57, 13);
INSERT INTO farm_production (id, date, quantity_kg, crop_id) VALUES (303, '2025-06-02', 74, 15);
INSERT INTO farm_production (id, date, quantity_kg, crop_id) VALUES (304, '2025-06-03', 58, 2);
INSERT INTO farm_production (id, date, quantity_kg, crop_id) VALUES (305, '2025-06-03', 44, 3);
INSERT INTO farm_production (id, date, quantity_kg, crop_id) VALUES (306, '2025-06-03', 65, 5);
INSERT INTO farm_production (id, date, quantity_kg, crop_id) VALUES (307, '2025-06-03', 63, 8);
INSERT INTO farm_production (id, date, quantity_kg, crop_id) VALUES (308, '2025-06-03', 64, 9);
INSERT INTO farm_production (id, date, quantity_kg, crop_id) VALUES (309, '2025-06-03', 36, 10);
INSERT INTO farm_production (id, date, quantity_kg, crop_id) VALUES (310, '2025-06-03', 37, 11);
INSERT INTO farm_production (id, date, quantity_kg, crop_id) VALUES (311, '2025-06-03', 26, 13);
INSERT INTO farm_production (id, date, quantity_kg, crop_id) VALUES (312, '2025-06-03', 73, 15);
INSERT INTO farm_production (id, date, quantity_kg, crop_id) VALUES (313, '2025-06-04', 44, 2);
INSERT INTO farm_production (id, date, quantity_kg, crop_id) VALUES (314, '2025-06-04', 29, 3);
INSERT INTO farm_production (id, date, quantity_kg, crop_id) VALUES (315, '2025-06-04', 32, 5);
INSERT INTO farm_production (id, date, quantity_kg, crop_id) VALUES (316, '2025-06-04', 58, 8);
INSERT INTO farm_production (id, date, quantity_kg, crop_id) VALUES (317, '2025-06-04', 78, 9);
INSERT INTO farm_production (id, date, quantity_kg, crop_id) VALUES (318, '2025-06-04', 73, 10);
INSERT INTO farm_production (id, date, quantity_kg, crop_id) VALUES (319, '2025-06-04', 64, 11);
INSERT INTO farm_production (id, date, quantity_kg, crop_id) VALUES (320, '2025-06-04', 60, 13);
INSERT INTO farm_production (id, date, quantity_kg, crop_id) VALUES (321, '2025-06-04', 70, 15);
INSERT INTO farm_production (id, date, quantity_kg, crop_id) VALUES (322, '2025-06-05', 71, 2);
INSERT INTO farm_production (id, date, quantity_kg, crop_id) VALUES (323, '2025-06-05', 34, 3);
INSERT INTO farm_production (id, date, quantity_kg, crop_id) VALUES (324, '2025-06-05', 42, 5);
INSERT INTO farm_production (id, date, quantity_kg, crop_id) VALUES (325, '2025-06-05', 47, 8);
INSERT INTO farm_production (id, date, quantity_kg, crop_id) VALUES (326, '2025-06-05', 44, 9);
INSERT INTO farm_production (id, date, quantity_kg, crop_id) VALUES (327, '2025-06-05', 32, 10);
INSERT INTO farm_production (id, date, quantity_kg, crop_id) VALUES (328, '2025-06-05', 46, 11);
INSERT INTO farm_production (id, date, quantity_kg, crop_id) VALUES (329, '2025-06-05', 44, 13);
INSERT INTO farm_production (id, date, quantity_kg, crop_id) VALUES (330, '2025-06-05', 20, 15);
INSERT INTO farm_production (id, date, quantity_kg, crop_id) VALUES (331, '2025-06-06', 80, 2);
INSERT INTO farm_production (id, date, quantity_kg, crop_id) VALUES (332, '2025-06-06', 77, 3);
INSERT INTO farm_production (id, date, quantity_kg, crop_id) VALUES (333, '2025-06-06', 27, 5);
INSERT INTO farm_production (id, date, quantity_kg, crop_id) VALUES (334, '2025-06-06', 77, 8);
INSERT INTO farm_production (id, date, quantity_kg, crop_id) VALUES (335, '2025-06-06', 23, 9);
INSERT INTO farm_production (id, date, quantity_kg, crop_id) VALUES (336, '2025-06-06', 62, 10);
INSERT INTO farm_production (id, date, quantity_kg, crop_id) VALUES (337, '2025-06-06', 22, 11);
INSERT INTO farm_production (id, date, quantity_kg, crop_id) VALUES (338, '2025-06-06', 62, 13);
INSERT INTO farm_production (id, date, quantity_kg, crop_id) VALUES (339, '2025-06-06', 74, 15);
INSERT INTO farm_production (id, date, quantity_kg, crop_id) VALUES (340, '2025-06-07', 78, 2);
INSERT INTO farm_production (id, date, quantity_kg, crop_id) VALUES (341, '2025-06-07', 60, 3);
INSERT INTO farm_production (id, date, quantity_kg, crop_id) VALUES (342, '2025-06-07', 50, 5);
INSERT INTO farm_production (id, date, quantity_kg, crop_id) VALUES (343, '2025-06-07', 74, 8);
INSERT INTO farm_production (id, date, quantity_kg, crop_id) VALUES (344, '2025-06-07', 61, 9);
INSERT INTO farm_production (id, date, quantity_kg, crop_id) VALUES (345, '2025-06-07', 63, 10);
INSERT INTO farm_production (id, date, quantity_kg, crop_id) VALUES (346, '2025-06-07', 43, 11);
INSERT INTO farm_production (id, date, quantity_kg, crop_id) VALUES (347, '2025-06-07', 78, 13);
INSERT INTO farm_production (id, date, quantity_kg, crop_id) VALUES (348, '2025-06-07', 25, 15);
INSERT INTO farm_production (id, date, quantity_kg, crop_id) VALUES (349, '2025-06-08', 48, 2);
INSERT INTO farm_production (id, date, quantity_kg, crop_id) VALUES (350, '2025-06-08', 56, 3);
INSERT INTO farm_production (id, date, quantity_kg, crop_id) VALUES (351, '2025-06-08', 40, 5);
INSERT INTO farm_production (id, date, quantity_kg, crop_id) VALUES (352, '2025-06-08', 31, 8);
INSERT INTO farm_production (id, date, quantity_kg, crop_id) VALUES (353, '2025-06-08', 46, 9);
INSERT INTO farm_production (id, date, quantity_kg, crop_id) VALUES (354, '2025-06-08', 40, 10);
INSERT INTO farm_production (id, date, quantity_kg, crop_id) VALUES (355, '2025-06-08', 67, 11);
INSERT INTO farm_production (id, date, quantity_kg, crop_id) VALUES (356, '2025-06-08', 23, 13);
INSERT INTO farm_production (id, date, quantity_kg, crop_id) VALUES (357, '2025-06-08', 65, 15);
INSERT INTO farm_production (id, date, quantity_kg, crop_id) VALUES (358, '2025-06-09', 46, 2);
INSERT INTO farm_production (id, date, quantity_kg, crop_id) VALUES (359, '2025-06-09', 52, 3);
INSERT INTO farm_production (id, date, quantity_kg, crop_id) VALUES (360, '2025-06-09', 21, 5);
INSERT INTO farm_production (id, date, quantity_kg, crop_id) VALUES (361, '2025-06-09', 32, 8);
INSERT INTO farm_production (id, date, quantity_kg, crop_id) VALUES (362, '2025-06-09', 40, 9);
INSERT INTO farm_production (id, date, quantity_kg, crop_id) VALUES (363, '2025-06-09', 47, 10);
INSERT INTO farm_production (id, date, quantity_kg, crop_id) VALUES (364, '2025-06-09', 58, 11);
INSERT INTO farm_production (id, date, quantity_kg, crop_id) VALUES (365, '2025-06-09', 73, 13);
INSERT INTO farm_production (id, date, quantity_kg, crop_id) VALUES (366, '2025-06-09', 72, 15);
INSERT INTO farm_production (id, date, quantity_kg, crop_id) VALUES (367, '2025-06-10', 39, 2);
INSERT INTO farm_production (id, date, quantity_kg, crop_id) VALUES (368, '2025-06-10', 66, 3);
INSERT INTO farm_production (id, date, quantity_kg, crop_id) VALUES (369, '2025-06-10', 67, 5);
INSERT INTO farm_production (id, date, quantity_kg, crop_id) VALUES (370, '2025-06-10', 56, 8);
INSERT INTO farm_production (id, date, quantity_kg, crop_id) VALUES (371, '2025-06-10', 52, 9);
INSERT INTO farm_production (id, date, quantity_kg, crop_id) VALUES (372, '2025-06-10', 51, 10);
INSERT INTO farm_production (id, date, quantity_kg, crop_id) VALUES (373, '2025-06-10', 76, 11);
INSERT INTO farm_production (id, date, quantity_kg, crop_id) VALUES (374, '2025-06-10', 25, 13);
INSERT INTO farm_production (id, date, quantity_kg, crop_id) VALUES (375, '2025-06-10', 24, 15);
INSERT INTO farm_production (id, date, quantity_kg, crop_id) VALUES (376, '2025-06-11', 34, 2);
INSERT INTO farm_production (id, date, quantity_kg, crop_id) VALUES (377, '2025-06-11', 22, 3);
INSERT INTO farm_production (id, date, quantity_kg, crop_id) VALUES (378, '2025-06-11', 34, 5);
INSERT INTO farm_production (id, date, quantity_kg, crop_id) VALUES (379, '2025-06-11', 62, 8);
INSERT INTO farm_production (id, date, quantity_kg, crop_id) VALUES (380, '2025-06-11', 47, 9);
INSERT INTO farm_production (id, date, quantity_kg, crop_id) VALUES (381, '2025-06-11', 66, 10);
INSERT INTO farm_production (id, date, quantity_kg, crop_id) VALUES (382, '2025-06-11', 58, 11);
INSERT INTO farm_production (id, date, quantity_kg, crop_id) VALUES (383, '2025-06-11', 29, 13);
INSERT INTO farm_production (id, date, quantity_kg, crop_id) VALUES (384, '2025-06-11', 49, 15);
INSERT INTO farm_production (id, date, quantity_kg, crop_id) VALUES (385, '2025-06-12', 30, 2);
INSERT INTO farm_production (id, date, quantity_kg, crop_id) VALUES (386, '2025-06-12', 61, 3);
INSERT INTO farm_production (id, date, quantity_kg, crop_id) VALUES (387, '2025-06-12', 41, 5);
INSERT INTO farm_production (id, date, quantity_kg, crop_id) VALUES (388, '2025-06-12', 21, 8);
INSERT INTO farm_production (id, date, quantity_kg, crop_id) VALUES (389, '2025-06-12', 32, 9);
INSERT INTO farm_production (id, date, quantity_kg, crop_id) VALUES (390, '2025-06-12', 78, 10);
INSERT INTO farm_production (id, date, quantity_kg, crop_id) VALUES (391, '2025-06-12', 49, 11);
INSERT INTO farm_production (id, date, quantity_kg, crop_id) VALUES (392, '2025-06-12', 45, 13);
INSERT INTO farm_production (id, date, quantity_kg, crop_id) VALUES (393, '2025-06-12', 67, 15);
INSERT INTO farm_production (id, date, quantity_kg, crop_id) VALUES (394, '2025-06-13', 26, 2);
INSERT INTO farm_production (id, date, quantity_kg, crop_id) VALUES (395, '2025-06-13', 28, 3);
INSERT INTO farm_production (id, date, quantity_kg, crop_id) VALUES (396, '2025-06-13', 56, 5);
INSERT INTO farm_production (id, date, quantity_kg, crop_id) VALUES (397, '2025-06-13', 42, 8);
INSERT INTO farm_production (id, date, quantity_kg, crop_id) VALUES (398, '2025-06-13', 48, 9);
INSERT INTO farm_production (id, date, quantity_kg, crop_id) VALUES (399, '2025-06-13', 65, 10);
INSERT INTO farm_production (id, date, quantity_kg, crop_id) VALUES (400, '2025-06-13', 29, 11);
INSERT INTO farm_production (id, date, quantity_kg, crop_id) VALUES (401, '2025-06-13', 39, 13);
INSERT INTO farm_production (id, date, quantity_kg, crop_id) VALUES (402, '2025-06-13', 29, 15);
INSERT INTO farm_production (id, date, quantity_kg, crop_id) VALUES (403, '2025-06-14', 27, 2);
INSERT INTO farm_production (id, date, quantity_kg, crop_id) VALUES (404, '2025-06-14', 30, 3);
INSERT INTO farm_production (id, date, quantity_kg, crop_id) VALUES (405, '2025-06-14', 78, 5);
INSERT INTO farm_production (id, date, quantity_kg, crop_id) VALUES (406, '2025-06-14', 56, 8);
INSERT INTO farm_production (id, date, quantity_kg, crop_id) VALUES (407, '2025-06-14', 36, 9);
INSERT INTO farm_production (id, date, quantity_kg, crop_id) VALUES (408, '2025-06-14', 26, 10);
INSERT INTO farm_production (id, date, quantity_kg, crop_id) VALUES (409, '2025-06-14', 24, 11);
INSERT INTO farm_production (id, date, quantity_kg, crop_id) VALUES (410, '2025-06-14', 53, 13);
INSERT INTO farm_production (id, date, quantity_kg, crop_id) VALUES (411, '2025-06-14', 71, 15);
INSERT INTO farm_production (id, date, quantity_kg, crop_id) VALUES (412, '2025-06-15', 53, 2);
INSERT INTO farm_production (id, date, quantity_kg, crop_id) VALUES (413, '2025-06-15', 49, 3);
INSERT INTO farm_production (id, date, quantity_kg, crop_id) VALUES (414, '2025-06-15', 27, 5);
INSERT INTO farm_production (id, date, quantity_kg, crop_id) VALUES (415, '2025-06-15', 53, 8);
INSERT INTO farm_production (id, date, quantity_kg, crop_id) VALUES (416, '2025-06-15', 38, 9);
INSERT INTO farm_production (id, date, quantity_kg, crop_id) VALUES (417, '2025-06-15', 41, 10);
INSERT INTO farm_production (id, date, quantity_kg, crop_id) VALUES (418, '2025-06-15', 70, 11);
INSERT INTO farm_production (id, date, quantity_kg, crop_id) VALUES (419, '2025-06-15', 38, 13);
INSERT INTO farm_production (id, date, quantity_kg, crop_id) VALUES (420, '2025-06-15', 39, 15);
INSERT INTO farm_production (id, date, quantity_kg, crop_id) VALUES (421, '2025-06-16', 20, 2);
INSERT INTO farm_production (id, date, quantity_kg, crop_id) VALUES (422, '2025-06-16', 56, 3);
INSERT INTO farm_production (id, date, quantity_kg, crop_id) VALUES (423, '2025-06-16', 30, 5);
INSERT INTO farm_production (id, date, quantity_kg, crop_id) VALUES (424, '2025-06-16', 21, 8);
INSERT INTO farm_production (id, date, quantity_kg, crop_id) VALUES (425, '2025-06-16', 37, 9);
INSERT INTO farm_production (id, date, quantity_kg, crop_id) VALUES (426, '2025-06-16', 47, 10);
INSERT INTO farm_production (id, date, quantity_kg, crop_id) VALUES (427, '2025-06-16', 30, 11);
INSERT INTO farm_production (id, date, quantity_kg, crop_id) VALUES (428, '2025-06-16', 68, 13);
INSERT INTO farm_production (id, date, quantity_kg, crop_id) VALUES (429, '2025-06-16', 21, 15);
INSERT INTO farm_production (id, date, quantity_kg, crop_id) VALUES (430, '2025-06-17', 47, 2);
INSERT INTO farm_production (id, date, quantity_kg, crop_id) VALUES (431, '2025-06-17', 71, 3);
INSERT INTO farm_production (id, date, quantity_kg, crop_id) VALUES (432, '2025-06-17', 40, 5);
INSERT INTO farm_production (id, date, quantity_kg, crop_id) VALUES (433, '2025-06-17', 55, 8);
INSERT INTO farm_production (id, date, quantity_kg, crop_id) VALUES (434, '2025-06-17', 70, 9);
INSERT INTO farm_production (id, date, quantity_kg, crop_id) VALUES (435, '2025-06-17', 31, 10);
INSERT INTO farm_production (id, date, quantity_kg, crop_id) VALUES (436, '2025-06-17', 44, 11);
INSERT INTO farm_production (id, date, quantity_kg, crop_id) VALUES (437, '2025-06-17', 79, 13);
INSERT INTO farm_production (id, date, quantity_kg, crop_id) VALUES (438, '2025-06-17', 44, 15);
INSERT INTO farm_production (id, date, quantity_kg, crop_id) VALUES (439, '2025-06-18', 30, 2);
INSERT INTO farm_production (id, date, quantity_kg, crop_id) VALUES (440, '2025-06-18', 29, 3);
INSERT INTO farm_production (id, date, quantity_kg, crop_id) VALUES (441, '2025-06-18', 70, 5);
INSERT INTO farm_production (id, date, quantity_kg, crop_id) VALUES (442, '2025-06-18', 40, 8);
INSERT INTO farm_production (id, date, quantity_kg, crop_id) VALUES (443, '2025-06-18', 71, 9);
INSERT INTO farm_production (id, date, quantity_kg, crop_id) VALUES (444, '2025-06-18', 68, 10);
INSERT INTO farm_production (id, date, quantity_kg, crop_id) VALUES (445, '2025-06-18', 29, 11);
INSERT INTO farm_production (id, date, quantity_kg, crop_id) VALUES (446, '2025-06-18', 35, 13);
INSERT INTO farm_production (id, date, quantity_kg, crop_id) VALUES (447, '2025-06-18', 52, 15);
INSERT INTO farm_production (id, date, quantity_kg, crop_id) VALUES (448, '2025-06-19', 80, 2);
INSERT INTO farm_production (id, date, quantity_kg, crop_id) VALUES (449, '2025-06-19', 80, 3);
INSERT INTO farm_production (id, date, quantity_kg, crop_id) VALUES (450, '2025-06-19', 34, 5);
INSERT INTO farm_production (id, date, quantity_kg, crop_id) VALUES (451, '2025-06-19', 80, 8);
INSERT INTO farm_production (id, date, quantity_kg, crop_id) VALUES (452, '2025-06-19', 37, 9);
INSERT INTO farm_production (id, date, quantity_kg, crop_id) VALUES (453, '2025-06-19', 47, 10);
INSERT INTO farm_production (id, date, quantity_kg, crop_id) VALUES (454, '2025-06-19', 48, 11);
INSERT INTO farm_production (id, date, quantity_kg, crop_id) VALUES (455, '2025-06-19', 53, 13);
INSERT INTO farm_production (id, date, quantity_kg, crop_id) VALUES (456, '2025-06-19', 22, 15);
INSERT INTO farm_production (id, date, quantity_kg, crop_id) VALUES (457, '2025-06-20', 74, 2);
INSERT INTO farm_production (id, date, quantity_kg, crop_id) VALUES (458, '2025-06-20', 23, 3);
INSERT INTO farm_production (id, date, quantity_kg, crop_id) VALUES (459, '2025-06-20', 22, 5);
INSERT INTO farm_production (id, date, quantity_kg, crop_id) VALUES (460, '2025-06-20', 76, 8);
INSERT INTO farm_production (id, date, quantity_kg, crop_id) VALUES (461, '2025-06-20', 71, 9);
INSERT INTO farm_production (id, date, quantity_kg, crop_id) VALUES (462, '2025-06-20', 32, 10);
INSERT INTO farm_production (id, date, quantity_kg, crop_id) VALUES (463, '2025-06-20', 62, 11);
INSERT INTO farm_production (id, date, quantity_kg, crop_id) VALUES (464, '2025-06-20', 45, 13);
INSERT INTO farm_production (id, date, quantity_kg, crop_id) VALUES (465, '2025-06-20', 71, 15);
INSERT INTO farm_production (id, date, quantity_kg, crop_id) VALUES (466, '2025-06-21', 56, 2);
INSERT INTO farm_production (id, date, quantity_kg, crop_id) VALUES (467, '2025-06-21', 38, 3);
INSERT INTO farm_production (id, date, quantity_kg, crop_id) VALUES (468, '2025-06-21', 60, 5);
INSERT INTO farm_production (id, date, quantity_kg, crop_id) VALUES (469, '2025-06-21', 40, 8);
INSERT INTO farm_production (id, date, quantity_kg, crop_id) VALUES (470, '2025-06-21', 57, 9);
INSERT INTO farm_production (id, date, quantity_kg, crop_id) VALUES (471, '2025-06-21', 33, 10);
INSERT INTO farm_production (id, date, quantity_kg, crop_id) VALUES (472, '2025-06-21', 32, 11);
INSERT INTO farm_production (id, date, quantity_kg, crop_id) VALUES (473, '2025-06-21', 26, 13);
INSERT INTO farm_production (id, date, quantity_kg, crop_id) VALUES (474, '2025-06-21', 71, 15);
INSERT INTO farm_production (id, date, quantity_kg, crop_id) VALUES (475, '2025-06-22', 60, 2);
INSERT INTO farm_production (id, date, quantity_kg, crop_id) VALUES (476, '2025-06-22', 21, 3);
INSERT INTO farm_production (id, date, quantity_kg, crop_id) VALUES (477, '2025-06-22', 48, 5);
INSERT INTO farm_production (id, date, quantity_kg, crop_id) VALUES (478, '2025-06-22', 21, 8);
INSERT INTO farm_production (id, date, quantity_kg, crop_id) VALUES (479, '2025-06-22', 39, 9);
INSERT INTO farm_production (id, date, quantity_kg, crop_id) VALUES (480, '2025-06-22', 26, 10);
INSERT INTO farm_production (id, date, quantity_kg, crop_id) VALUES (481, '2025-06-22', 74, 11);
INSERT INTO farm_production (id, date, quantity_kg, crop_id) VALUES (482, '2025-06-22', 54, 13);
INSERT INTO farm_production (id, date, quantity_kg, crop_id) VALUES (483, '2025-06-22', 54, 15);
INSERT INTO farm_production (id, date, quantity_kg, crop_id) VALUES (484, '2025-06-23', 69, 2);
INSERT INTO farm_production (id, date, quantity_kg, crop_id) VALUES (485, '2025-06-23', 43, 3);
INSERT INTO farm_production (id, date, quantity_kg, crop_id) VALUES (486, '2025-06-23', 27, 5);
INSERT INTO farm_production (id, date, quantity_kg, crop_id) VALUES (487, '2025-06-23', 47, 8);
INSERT INTO farm_production (id, date, quantity_kg, crop_id) VALUES (488, '2025-06-23', 66, 9);
INSERT INTO farm_production (id, date, quantity_kg, crop_id) VALUES (489, '2025-06-23', 23, 10);
INSERT INTO farm_production (id, date, quantity_kg, crop_id) VALUES (490, '2025-06-23', 22, 11);
INSERT INTO farm_production (id, date, quantity_kg, crop_id) VALUES (491, '2025-06-23', 28, 13);
INSERT INTO farm_production (id, date, quantity_kg, crop_id) VALUES (492, '2025-06-23', 63, 15);
INSERT INTO farm_production (id, date, quantity_kg, crop_id) VALUES (493, '2025-06-24', 22, 2);
INSERT INTO farm_production (id, date, quantity_kg, crop_id) VALUES (494, '2025-06-24', 48, 3);
INSERT INTO farm_production (id, date, quantity_kg, crop_id) VALUES (495, '2025-06-24', 57, 5);
INSERT INTO farm_production (id, date, quantity_kg, crop_id) VALUES (496, '2025-06-24', 69, 8);
INSERT INTO farm_production (id, date, quantity_kg, crop_id) VALUES (497, '2025-06-24', 36, 9);
INSERT INTO farm_production (id, date, quantity_kg, crop_id) VALUES (498, '2025-06-24', 44, 10);
INSERT INTO farm_production (id, date, quantity_kg, crop_id) VALUES (499, '2025-06-24', 42, 11);
INSERT INTO farm_production (id, date, quantity_kg, crop_id) VALUES (500, '2025-06-24', 73, 13);

-- Ingresos
INSERT INTO farm_income (id, date, source, amount, farm_id) VALUES (1, '2025-05-11', 'Venta de 1 - 3759 kg', 37962141, 1);
INSERT INTO farm_income (id, date, source, amount, farm_id) VALUES (2, '2025-05-18', 'Venta de 1 - 3898 kg', 33292818, 2);
INSERT INTO farm_income (id, date, source, amount, farm_id) VALUES (3, '2025-05-25', 'Venta de 1 - 3587 kg', 29786448, 1);
INSERT INTO farm_income (id, date, source, amount, farm_id) VALUES (4, '2025-06-01', 'Venta de 2 - 3256 kg', 26748040, 1);
INSERT INTO farm_income (id, date, source, amount, farm_id) VALUES (5, '2025-06-08', 'Venta de 2 - 3241 kg', 34798617, 1);
INSERT INTO farm_income (id, date, source, amount, farm_id) VALUES (6, '2025-06-15', 'Venta de 2 - 2901 kg', 28496523, 1);
INSERT INTO farm_income (id, date, source, amount, farm_id) VALUES (7, '2025-06-22', 'Venta de 2 - 3013 kg', 31552136, 3);
INSERT INTO farm_income (id, date, source, amount, farm_id) VALUES (8, '2025-06-29', 'Venta de 2 - 2915 kg', 34431980, 3);
INSERT INTO farm_income (id, date, source, amount, farm_id) VALUES (9, '2025-07-06', 'Venta de 2 - 1517 kg', 16096887, 3);
INSERT INTO farm_income (id, date, source, amount, farm_id) VALUES (10, '2025-07-13', 'Venta de 2 - 1064 kg', 10120768, 1);
INSERT INTO farm_income (id, date, source, amount, farm_id) VALUES (11, '2025-07-20', 'Venta de 2 - 921 kg', 9584847, 2);
INSERT INTO farm_income (id, date, source, amount, farm_id) VALUES (12, '2025-07-27', 'Venta de 2 - 844 kg', 9813188, 1);
INSERT INTO farm_income (id, date, source, amount, farm_id) VALUES (13, '2025-08-03', 'Venta de 2 - 933 kg', 10504647, 2);
INSERT INTO farm_income (id, date, source, amount, farm_id) VALUES (14, '2025-08-10', 'Venta de 2 - 908 kg', 10380256, 3);
INSERT INTO farm_income (id, date, source, amount, farm_id) VALUES (15, '2025-08-17', 'Venta de 2 - 780 kg', 7339800, 2);
INSERT INTO farm_income (id, date, source, amount, farm_id) VALUES (16, '2025-08-24', 'Venta de 2 - 860 kg', 9063540, 1);
INSERT INTO farm_income (id, date, source, amount, farm_id) VALUES (17, '2025-08-31', 'Venta de 2 - 795 kg', 9393720, 1);
INSERT INTO farm_income (id, date, source, amount, farm_id) VALUES (18, '2025-09-07', 'Venta de 2 - 704 kg', 5940352, 1);
INSERT INTO farm_income (id, date, source, amount, farm_id) VALUES (19, '2025-09-14', 'Venta de 3 - 621 kg', 5693328, 2);
INSERT INTO farm_income (id, date, source, amount, farm_id) VALUES (20, '2025-09-21', 'Venta de 3 - 621 kg', 4992219, 2);
INSERT INTO farm_income (id, date, source, amount, farm_id) VALUES (21, '2025-09-28', 'Venta de 3 - 519 kg', 5328573, 1);
INSERT INTO farm_income (id, date, source, amount, farm_id) VALUES (22, '2025-10-05', 'Venta de 3 - 956 kg', 9364020, 2);
INSERT INTO farm_income (id, date, source, amount, farm_id) VALUES (23, '2025-10-12', 'Venta de 3 - 1309 kg', 14312606, 1);
INSERT INTO farm_income (id, date, source, amount, farm_id) VALUES (24, '2025-10-19', 'Venta de 3 - 1303 kg', 11285283, 3);
INSERT INTO farm_income (id, date, source, amount, farm_id) VALUES (25, '2025-10-26', 'Venta de 10 - 773 kg', 8039973, 2);
INSERT INTO farm_income (id, date, source, amount, farm_id) VALUES (26, '2025-11-02', 'Venta de 10 - 468 kg', 3844152, 1);

-- Costos
INSERT INTO farm_cost (id, date, category, amount, notes, farm_id) VALUES (1, '2025-05-04', 'Servicios', 293279, 'Servicios - Parece visita humano.', 1);
INSERT INTO farm_cost (id, date, category, amount, notes, farm_id) VALUES (2, '2025-05-04', 'Fertilizantes', 302478, 'Fertilizantes - Odio voluptatem provident at.', 1);
INSERT INTO farm_cost (id, date, category, amount, notes, farm_id) VALUES (3, '2025-05-04', 'Servicios', 203929, 'Servicios - Delectus laudantium at commodi repellat optio.', 2);
INSERT INTO farm_cost (id, date, category, amount, notes, farm_id) VALUES (4, '2025-05-04', 'Herramientas', 156381, 'Herramientas - Neque quia vero.', 2);
INSERT INTO farm_cost (id, date, category, amount, notes, farm_id) VALUES (5, '2025-05-04', 'Transporte', 179499, 'Transporte - Viaje san cama.', 2);
INSERT INTO farm_cost (id, date, category, amount, notes, farm_id) VALUES (6, '2025-05-04', 'Servicios', 240822, 'Servicios - Unde suscipit vel vitae nesciunt.', 2);
INSERT INTO farm_cost (id, date, category, amount, notes, farm_id) VALUES (7, '2025-05-04', 'Herramientas', 209854, 'Herramientas - Uno ningún donde hemos sería cuya.', 3);
INSERT INTO farm_cost (id, date, category, amount, notes, farm_id) VALUES (8, '2025-05-04', 'Fertilizantes', 374651, 'Fertilizantes - Campo ahora hay además sentido santa.', 3);
INSERT INTO farm_cost (id, date, category, amount, notes, farm_id) VALUES (9, '2025-05-04', 'Servicios', 212950, 'Servicios - Problemas me ninguna.', 3);
INSERT INTO farm_cost (id, date, category, amount, notes, farm_id) VALUES (10, '2025-05-04', 'Transporte', 226664, 'Transporte - Antes hijos general premio.', 3);
INSERT INTO farm_cost (id, date, category, amount, notes, farm_id) VALUES (11, '2025-05-11', 'Mano de obra', 785292, 'Mano de obra - Sean presente los todo voz.', 1);
INSERT INTO farm_cost (id, date, category, amount, notes, farm_id) VALUES (12, '2025-05-11', 'Servicios', 254618, 'Servicios - Organización cuadro salir.', 1);
INSERT INTO farm_cost (id, date, category, amount, notes, farm_id) VALUES (13, '2025-05-11', 'Herramientas', 127245, 'Herramientas - Quasi alias inventore corporis.', 2);
INSERT INTO farm_cost (id, date, category, amount, notes, farm_id) VALUES (14, '2025-05-11', 'Mantenimiento', 239273, 'Mantenimiento - Accusamus corporis sint dignissimos.', 2);
INSERT INTO farm_cost (id, date, category, amount, notes, farm_id) VALUES (15, '2025-05-11', 'Herramientas', 74208, 'Herramientas - Humano largo ayuda escuela españa siendo.', 3);
INSERT INTO farm_cost (id, date, category, amount, notes, farm_id) VALUES (16, '2025-05-11', 'Transporte', 293793, 'Transporte - Propia cargo grupos.', 3);
INSERT INTO farm_cost (id, date, category, amount, notes, farm_id) VALUES (17, '2025-05-11', 'Fertilizantes', 279104, 'Fertilizantes - Metros fin llega.', 3);
INSERT INTO farm_cost (id, date, category, amount, notes, farm_id) VALUES (18, '2025-05-18', 'Fertilizantes', 106633, 'Fertilizantes - Mi encuentra rafael diferencia militar.', 1);
INSERT INTO farm_cost (id, date, category, amount, notes, farm_id) VALUES (19, '2025-05-18', 'Mantenimiento', 135568, 'Mantenimiento - Sur sentido principales u instituciones hubiera.', 1);
INSERT INTO farm_cost (id, date, category, amount, notes, farm_id) VALUES (20, '2025-05-18', 'Mano de obra', 260657, 'Mano de obra - Quizá fiscal bajo imágenes persona.', 2);
INSERT INTO farm_cost (id, date, category, amount, notes, farm_id) VALUES (21, '2025-05-18', 'Servicios', 229995, 'Servicios - Gran violencia productos objetivo.', 2);
INSERT INTO farm_cost (id, date, category, amount, notes, farm_id) VALUES (22, '2025-05-18', 'Transporte', 267830, 'Transporte - Illum qui quas dolor praesentium quos.', 2);
INSERT INTO farm_cost (id, date, category, amount, notes, farm_id) VALUES (23, '2025-05-18', 'Mantenimiento', 109388, 'Mantenimiento - Laborum voluptatem quia maxime minima.', 2);
INSERT INTO farm_cost (id, date, category, amount, notes, farm_id) VALUES (24, '2025-05-18', 'Herramientas', 67851, 'Herramientas - Jorge obstante hija mis.', 3);
INSERT INTO farm_cost (id, date, category, amount, notes, farm_id) VALUES (25, '2025-05-18', 'Mantenimiento', 265352, 'Mantenimiento - Cosa propia solución hija.', 3);
INSERT INTO farm_cost (id, date, category, amount, notes, farm_id) VALUES (26, '2025-05-18', 'Fertilizantes', 465036, 'Fertilizantes - Modi necessitatibus ut odit ipsum dolorem.', 3);
INSERT INTO farm_cost (id, date, category, amount, notes, farm_id) VALUES (27, '2025-05-25', 'Herramientas', 264400, 'Herramientas - Asperiores error accusamus voluptas.', 1);
INSERT INTO farm_cost (id, date, category, amount, notes, farm_id) VALUES (28, '2025-05-25', 'Servicios', 282845, 'Servicios - Impedit corporis iure necessitatibus laborum.', 1);
INSERT INTO farm_cost (id, date, category, amount, notes, farm_id) VALUES (29, '2025-05-25', 'Mantenimiento', 207502, 'Mantenimiento - Período director bien natural.', 1);
INSERT INTO farm_cost (id, date, category, amount, notes, farm_id) VALUES (30, '2025-05-25', 'Fertilizantes', 215597, 'Fertilizantes - Tempore praesentium iste recusandae.', 1);
INSERT INTO farm_cost (id, date, category, amount, notes, farm_id) VALUES (31, '2025-05-25', 'Mano de obra', 499454, 'Mano de obra - Cuestión chile están encima.', 2);
INSERT INTO farm_cost (id, date, category, amount, notes, farm_id) VALUES (32, '2025-05-25', 'Servicios', 234111, 'Servicios - Reunión derechos atención fuentes resultados.', 2);
INSERT INTO farm_cost (id, date, category, amount, notes, farm_id) VALUES (33, '2025-05-25', 'Mantenimiento', 231319, 'Mantenimiento - Ut esse cupiditate tempora.', 3);
INSERT INTO farm_cost (id, date, category, amount, notes, farm_id) VALUES (34, '2025-05-25', 'Fertilizantes', 334642, 'Fertilizantes - At ratione optio.', 3);
INSERT INTO farm_cost (id, date, category, amount, notes, farm_id) VALUES (35, '2025-06-01', 'Servicios', 195032, 'Servicios - Placeat dolore excepturi perspiciatis.', 1);
INSERT INTO farm_cost (id, date, category, amount, notes, farm_id) VALUES (36, '2025-06-01', 'Mano de obra', 647787, 'Mano de obra - Donde tenido han.', 1);
INSERT INTO farm_cost (id, date, category, amount, notes, farm_id) VALUES (37, '2025-06-01', 'Mano de obra', 301403, 'Mano de obra - Voluptatibus facilis voluptas molestiae iure magnam.', 2);
INSERT INTO farm_cost (id, date, category, amount, notes, farm_id) VALUES (38, '2025-06-01', 'Servicios', 272180, 'Servicios - Odit hic illo.', 2);
INSERT INTO farm_cost (id, date, category, amount, notes, farm_id) VALUES (39, '2025-06-01', 'Mano de obra', 612312, 'Mano de obra - Españoles imagen mayo nadie corazón.', 3);
INSERT INTO farm_cost (id, date, category, amount, notes, farm_id) VALUES (40, '2025-06-01', 'Mano de obra', 328054, 'Mano de obra - Libero nisi ipsum voluptatum mollitia deleniti.', 3);
INSERT INTO farm_cost (id, date, category, amount, notes, farm_id) VALUES (41, '2025-06-08', 'Mantenimiento', 286913, 'Mantenimiento - Quidem soluta hic quidem unde.', 1);
INSERT INTO farm_cost (id, date, category, amount, notes, farm_id) VALUES (42, '2025-06-08', 'Herramientas', 207952, 'Herramientas - Eum sit cum.', 1);
INSERT INTO farm_cost (id, date, category, amount, notes, farm_id) VALUES (43, '2025-06-08', 'Servicios', 294464, 'Servicios - Común especie policía después visita construcción.', 1);
INSERT INTO farm_cost (id, date, category, amount, notes, farm_id) VALUES (44, '2025-06-08', 'Transporte', 60422, 'Transporte - Vía sí corte.', 2);
INSERT INTO farm_cost (id, date, category, amount, notes, farm_id) VALUES (45, '2025-06-08', 'Mano de obra', 615101, 'Mano de obra - Suerte vuelve m ex instituto oficial.', 2);
INSERT INTO farm_cost (id, date, category, amount, notes, farm_id) VALUES (46, '2025-06-08', 'Transporte', 59024, 'Transporte - Igual ahí considera sería.', 2);
INSERT INTO farm_cost (id, date, category, amount, notes, farm_id) VALUES (47, '2025-06-08', 'Transporte', 222755, 'Transporte - Todo derechos dejar obra.', 3);
INSERT INTO farm_cost (id, date, category, amount, notes, farm_id) VALUES (48, '2025-06-08', 'Mantenimiento', 191667, 'Mantenimiento - Fuerza sectores cuales dio época encuentro.', 3);
INSERT INTO farm_cost (id, date, category, amount, notes, farm_id) VALUES (49, '2025-06-15', 'Fertilizantes', 181639, 'Fertilizantes - Camino iglesia garcía.', 1);
INSERT INTO farm_cost (id, date, category, amount, notes, farm_id) VALUES (50, '2025-06-15', 'Mantenimiento', 235842, 'Mantenimiento - Pese servicios hubiera función los realidad.', 1);
INSERT INTO farm_cost (id, date, category, amount, notes, farm_id) VALUES (51, '2025-06-15', 'Fertilizantes', 366271, 'Fertilizantes - Molestias vel nulla voluptate ullam.', 1);
INSERT INTO farm_cost (id, date, category, amount, notes, farm_id) VALUES (52, '2025-06-15', 'Fertilizantes', 495184, 'Fertilizantes - Reprehenderit a corrupti tempora.', 2);
INSERT INTO farm_cost (id, date, category, amount, notes, farm_id) VALUES (53, '2025-06-15', 'Herramientas', 231477, 'Herramientas - Laboriosam vitae quasi.', 2);
INSERT INTO farm_cost (id, date, category, amount, notes, farm_id) VALUES (54, '2025-06-15', 'Servicios', 96509, 'Servicios - Misma felipe la causa chile.', 2);
INSERT INTO farm_cost (id, date, category, amount, notes, farm_id) VALUES (55, '2025-06-15', 'Fertilizantes', 106966, 'Fertilizantes - Hubiera baja éxito conocimiento abril.', 3);
INSERT INTO farm_cost (id, date, category, amount, notes, farm_id) VALUES (56, '2025-06-15', 'Fertilizantes', 247970, 'Fertilizantes - Animales sociedad entonces centro animales.', 3);
INSERT INTO farm_cost (id, date, category, amount, notes, farm_id) VALUES (57, '2025-06-15', 'Mantenimiento', 219852, 'Mantenimiento - Praesentium soluta consectetur asperiores eos.', 3);
INSERT INTO farm_cost (id, date, category, amount, notes, farm_id) VALUES (58, '2025-06-15', 'Herramientas', 216693, 'Herramientas - Más civil una iba.', 3);
INSERT INTO farm_cost (id, date, category, amount, notes, farm_id) VALUES (59, '2025-06-22', 'Servicios', 166645, 'Servicios - Silencio poder norte.', 1);
INSERT INTO farm_cost (id, date, category, amount, notes, farm_id) VALUES (60, '2025-06-22', 'Herramientas', 100737, 'Herramientas - Una violencia presidente libros mano.', 1);
INSERT INTO farm_cost (id, date, category, amount, notes, farm_id) VALUES (61, '2025-06-22', 'Mano de obra', 786465, 'Mano de obra - Características sectores político.', 1);
INSERT INTO farm_cost (id, date, category, amount, notes, farm_id) VALUES (62, '2025-06-22', 'Fertilizantes', 388710, 'Fertilizantes - Encuentran favor mayores o cama años.', 2);
INSERT INTO farm_cost (id, date, category, amount, notes, farm_id) VALUES (63, '2025-06-22', 'Mano de obra', 247007, 'Mano de obra - Aquel importantes sociedad embargo.', 2);
INSERT INTO farm_cost (id, date, category, amount, notes, farm_id) VALUES (64, '2025-06-22', 'Herramientas', 138306, 'Herramientas - Espera amigos junio.', 2);
INSERT INTO farm_cost (id, date, category, amount, notes, farm_id) VALUES (65, '2025-06-22', 'Fertilizantes', 482110, 'Fertilizantes - Odio voluptatem ducimus distinctio sint.', 2);
INSERT INTO farm_cost (id, date, category, amount, notes, farm_id) VALUES (66, '2025-06-22', 'Servicios', 267053, 'Servicios - Cum voluptas consequuntur atque quisquam.', 3);
INSERT INTO farm_cost (id, date, category, amount, notes, farm_id) VALUES (67, '2025-06-22', 'Mantenimiento', 246822, 'Mantenimiento - Esa nivel viene cuyo.', 3);
INSERT INTO farm_cost (id, date, category, amount, notes, farm_id) VALUES (68, '2025-06-29', 'Mantenimiento', 95826, 'Mantenimiento - Será solamente carlos.', 1);
INSERT INTO farm_cost (id, date, category, amount, notes, farm_id) VALUES (69, '2025-06-29', 'Servicios', 266095, 'Servicios - Et placeat ex.', 1);
INSERT INTO farm_cost (id, date, category, amount, notes, farm_id) VALUES (70, '2025-06-29', 'Transporte', 188722, 'Transporte - Sit dolore reprehenderit.', 1);
INSERT INTO farm_cost (id, date, category, amount, notes, farm_id) VALUES (71, '2025-06-29', 'Fertilizantes', 352406, 'Fertilizantes - Et quasi asperiores.', 2);
INSERT INTO farm_cost (id, date, category, amount, notes, farm_id) VALUES (72, '2025-06-29', 'Herramientas', 184416, 'Herramientas - Enim tenetur deserunt harum.', 2);
INSERT INTO farm_cost (id, date, category, amount, notes, farm_id) VALUES (73, '2025-06-29', 'Herramientas', 99317, 'Herramientas - Director materia internacional.', 3);
INSERT INTO farm_cost (id, date, category, amount, notes, farm_id) VALUES (74, '2025-06-29', 'Herramientas', 90619, 'Herramientas - Dolore necessitatibus cum quam.', 3);
INSERT INTO farm_cost (id, date, category, amount, notes, farm_id) VALUES (75, '2025-06-29', 'Servicios', 110033, 'Servicios - Construcción posibilidad carta.', 3);
INSERT INTO farm_cost (id, date, category, amount, notes, farm_id) VALUES (76, '2025-07-06', 'Servicios', 125885, 'Servicios - Rey dicen nuestras nuestro mil algunos.', 1);
INSERT INTO farm_cost (id, date, category, amount, notes, farm_id) VALUES (77, '2025-07-06', 'Mantenimiento', 95439, 'Mantenimiento - Dolore qui libero autem consequuntur impedit eaque.', 1);
INSERT INTO farm_cost (id, date, category, amount, notes, farm_id) VALUES (78, '2025-07-06', 'Transporte', 299529, 'Transporte - Sur suficiente están apoyo mientras.', 1);
INSERT INTO farm_cost (id, date, category, amount, notes, farm_id) VALUES (79, '2025-07-06', 'Fertilizantes', 487016, 'Fertilizantes - Base hizo san.', 2);
INSERT INTO farm_cost (id, date, category, amount, notes, farm_id) VALUES (80, '2025-07-06', 'Mano de obra', 578798, 'Mano de obra - Voluptatum tenetur odio odit sit ipsum.', 2);
INSERT INTO farm_cost (id, date, category, amount, notes, farm_id) VALUES (81, '2025-07-06', 'Servicios', 281315, 'Servicios - Única producto entrada.', 2);
INSERT INTO farm_cost (id, date, category, amount, notes, farm_id) VALUES (82, '2025-07-06', 'Mano de obra', 657266, 'Mano de obra - Visita quedó mucho cambio tres.', 2);
INSERT INTO farm_cost (id, date, category, amount, notes, farm_id) VALUES (83, '2025-07-06', 'Servicios', 290650, 'Servicios - At unde veniam illum.', 3);
INSERT INTO farm_cost (id, date, category, amount, notes, farm_id) VALUES (84, '2025-07-06', 'Herramientas', 269434, 'Herramientas - Doloremque ullam dolores corporis nam.', 3);
INSERT INTO farm_cost (id, date, category, amount, notes, farm_id) VALUES (85, '2025-07-06', 'Transporte', 135016, 'Transporte - Tempora repellat cumque atque.', 3);
INSERT INTO farm_cost (id, date, category, amount, notes, farm_id) VALUES (86, '2025-07-06', 'Transporte', 270632, 'Transporte - Deleniti totam sunt amet.', 3);
INSERT INTO farm_cost (id, date, category, amount, notes, farm_id) VALUES (87, '2025-07-13', 'Transporte', 169583, 'Transporte - Allá experiencia línea aunque.', 1);
INSERT INTO farm_cost (id, date, category, amount, notes, farm_id) VALUES (88, '2025-07-13', 'Mantenimiento', 147757, 'Mantenimiento - Por santiago español teatro.', 1);
INSERT INTO farm_cost (id, date, category, amount, notes, farm_id) VALUES (89, '2025-07-13', 'Mano de obra', 764240, 'Mano de obra - Eveniet molestiae excepturi.', 1);
INSERT INTO farm_cost (id, date, category, amount, notes, farm_id) VALUES (90, '2025-07-13', 'Mantenimiento', 118061, 'Mantenimiento - Officiis natus rerum quo.', 2);
INSERT INTO farm_cost (id, date, category, amount, notes, farm_id) VALUES (91, '2025-07-13', 'Mantenimiento', 262621, 'Mantenimiento - Doctor población ahí figura.', 2);
INSERT INTO farm_cost (id, date, category, amount, notes, farm_id) VALUES (92, '2025-07-13', 'Servicios', 227573, 'Servicios - Repellat velit rem.', 2);
INSERT INTO farm_cost (id, date, category, amount, notes, farm_id) VALUES (93, '2025-07-13', 'Herramientas', 112967, 'Herramientas - Primer nuevos muestra te rodríguez cuarto.', 2);
INSERT INTO farm_cost (id, date, category, amount, notes, farm_id) VALUES (94, '2025-07-13', 'Servicios', 172126, 'Servicios - Ipsum amet voluptate adipisci.', 3);
INSERT INTO farm_cost (id, date, category, amount, notes, farm_id) VALUES (95, '2025-07-13', 'Mantenimiento', 90469, 'Mantenimiento - Ciencia días música.', 3);
INSERT INTO farm_cost (id, date, category, amount, notes, farm_id) VALUES (96, '2025-07-20', 'Transporte', 139327, 'Transporte - Ipsum enim reiciendis ipsa laudantium.', 1);
INSERT INTO farm_cost (id, date, category, amount, notes, farm_id) VALUES (97, '2025-07-20', 'Mantenimiento', 109805, 'Mantenimiento - Mis imposible características momento esa operación.', 1);
INSERT INTO farm_cost (id, date, category, amount, notes, farm_id) VALUES (98, '2025-07-20', 'Servicios', 203526, 'Servicios - Nisi aliquid veritatis molestias.', 1);
INSERT INTO farm_cost (id, date, category, amount, notes, farm_id) VALUES (99, '2025-07-20', 'Fertilizantes', 119180, 'Fertilizantes - Hombres tribunal aquí año padre dice.', 2);
INSERT INTO farm_cost (id, date, category, amount, notes, farm_id) VALUES (100, '2025-07-20', 'Mano de obra', 474883, 'Mano de obra - Illo quae nobis vel minus impedit.', 2);
INSERT INTO farm_cost (id, date, category, amount, notes, farm_id) VALUES (101, '2025-07-20', 'Mantenimiento', 53553, 'Mantenimiento - Unde nobis maiores.', 3);
INSERT INTO farm_cost (id, date, category, amount, notes, farm_id) VALUES (102, '2025-07-20', 'Fertilizantes', 448832, 'Fertilizantes - Libero facilis quod debitis quod.', 3);
INSERT INTO farm_cost (id, date, category, amount, notes, farm_id) VALUES (103, '2025-07-27', 'Transporte', 87469, 'Transporte - Resto sabe acción.', 1);
INSERT INTO farm_cost (id, date, category, amount, notes, farm_id) VALUES (104, '2025-07-27', 'Mano de obra', 322625, 'Mano de obra - Miguel presidente entre iba intereses todo.', 1);
INSERT INTO farm_cost (id, date, category, amount, notes, farm_id) VALUES (105, '2025-07-27', 'Fertilizantes', 225577, 'Fertilizantes - A derechos algunos hijo aquella.', 1);
INSERT INTO farm_cost (id, date, category, amount, notes, farm_id) VALUES (106, '2025-07-27', 'Mano de obra', 231771, 'Mano de obra - Juego mal estuvo.', 1);
INSERT INTO farm_cost (id, date, category, amount, notes, farm_id) VALUES (107, '2025-07-27', 'Servicios', 224283, 'Servicios - Resultado verdad estuvo evitar carrera tienen.', 2);
INSERT INTO farm_cost (id, date, category, amount, notes, farm_id) VALUES (108, '2025-07-27', 'Herramientas', 211574, 'Herramientas - Cumque rem iusto optio nostrum.', 2);
INSERT INTO farm_cost (id, date, category, amount, notes, farm_id) VALUES (109, '2025-07-27', 'Mano de obra', 242262, 'Mano de obra - Saepe assumenda amet iure veniam distinctio.', 2);
INSERT INTO farm_cost (id, date, category, amount, notes, farm_id) VALUES (110, '2025-07-27', 'Servicios', 206620, 'Servicios - Habla conocer base tiempo qué fácil.', 2);
INSERT INTO farm_cost (id, date, category, amount, notes, farm_id) VALUES (111, '2025-07-27', 'Mano de obra', 609379, 'Mano de obra - Quia quaerat recusandae quod.', 3);
INSERT INTO farm_cost (id, date, category, amount, notes, farm_id) VALUES (112, '2025-07-27', 'Mano de obra', 648775, 'Mano de obra - Cultura general acerca hace.', 3);
INSERT INTO farm_cost (id, date, category, amount, notes, farm_id) VALUES (113, '2025-07-27', 'Transporte', 178912, 'Transporte - Llegó septiembre tipo.', 3);
INSERT INTO farm_cost (id, date, category, amount, notes, farm_id) VALUES (114, '2025-07-27', 'Transporte', 186407, 'Transporte - García consejo comercio.', 3);
INSERT INTO farm_cost (id, date, category, amount, notes, farm_id) VALUES (115, '2025-08-03', 'Transporte', 89262, 'Transporte - Todos voz semana cómo organización aumento.', 1);
INSERT INTO farm_cost (id, date, category, amount, notes, farm_id) VALUES (116, '2025-08-03', 'Fertilizantes', 366686, 'Fertilizantes - Habla solo josé.', 1);
INSERT INTO farm_cost (id, date, category, amount, notes, farm_id) VALUES (117, '2025-08-03', 'Servicios', 128739, 'Servicios - Habla puso cuanto maría mismos.', 1);
INSERT INTO farm_cost (id, date, category, amount, notes, farm_id) VALUES (118, '2025-08-03', 'Herramientas', 150512, 'Herramientas - Siguiente nuestros especialmente años puesto partir.', 1);
INSERT INTO farm_cost (id, date, category, amount, notes, farm_id) VALUES (119, '2025-08-03', 'Fertilizantes', 193844, 'Fertilizantes - In facere qui distinctio.', 2);
INSERT INTO farm_cost (id, date, category, amount, notes, farm_id) VALUES (120, '2025-08-03', 'Fertilizantes', 236827, 'Fertilizantes - Dicta sit veritatis harum optio.', 2);
INSERT INTO farm_cost (id, date, category, amount, notes, farm_id) VALUES (121, '2025-08-03', 'Fertilizantes', 416363, 'Fertilizantes - Consectetur quibusdam cumque quam.', 2);
INSERT INTO farm_cost (id, date, category, amount, notes, farm_id) VALUES (122, '2025-08-03', 'Herramientas', 259719, 'Herramientas - Porro dolorum velit illo est.', 2);
INSERT INTO farm_cost (id, date, category, amount, notes, farm_id) VALUES (123, '2025-08-03', 'Mantenimiento', 67174, 'Mantenimiento - Necessitatibus repellendus ipsum deserunt provident nobis.', 3);
INSERT INTO farm_cost (id, date, category, amount, notes, farm_id) VALUES (124, '2025-08-03', 'Herramientas', 161410, 'Herramientas - Quo pariatur veritatis voluptas atque.', 3);
INSERT INTO farm_cost (id, date, category, amount, notes, farm_id) VALUES (125, '2025-08-03', 'Mano de obra', 397428, 'Mano de obra - Viaje comunidad vez muerte ley.', 3);
INSERT INTO farm_cost (id, date, category, amount, notes, farm_id) VALUES (126, '2025-08-03', 'Servicios', 106675, 'Servicios - Minus dolor perspiciatis quam.', 3);
INSERT INTO farm_cost (id, date, category, amount, notes, farm_id) VALUES (127, '2025-08-10', 'Mano de obra', 588128, 'Mano de obra - Voluptatum quibusdam quae ipsa.', 1);
INSERT INTO farm_cost (id, date, category, amount, notes, farm_id) VALUES (128, '2025-08-10', 'Herramientas', 210044, 'Herramientas - Voluptas odit dolor accusamus exercitationem.', 1);
INSERT INTO farm_cost (id, date, category, amount, notes, farm_id) VALUES (129, '2025-08-10', 'Servicios', 93215, 'Servicios - Iste facilis corrupti atque.', 1);
INSERT INTO farm_cost (id, date, category, amount, notes, farm_id) VALUES (130, '2025-08-10', 'Mano de obra', 230357, 'Mano de obra - Lado pequeña libros que aparece encuentran.', 2);
INSERT INTO farm_cost (id, date, category, amount, notes, farm_id) VALUES (131, '2025-08-10', 'Fertilizantes', 311280, 'Fertilizantes - Sequi unde cupiditate dicta dignissimos.', 2);
INSERT INTO farm_cost (id, date, category, amount, notes, farm_id) VALUES (132, '2025-08-10', 'Mantenimiento', 210434, 'Mantenimiento - Illo exercitationem dicta consectetur.', 2);
INSERT INTO farm_cost (id, date, category, amount, notes, farm_id) VALUES (133, '2025-08-10', 'Herramientas', 189001, 'Herramientas - Aquellas obstante lenguaje.', 3);
INSERT INTO farm_cost (id, date, category, amount, notes, farm_id) VALUES (134, '2025-08-10', 'Servicios', 212418, 'Servicios - Illo assumenda fuga occaecati.', 3);
INSERT INTO farm_cost (id, date, category, amount, notes, farm_id) VALUES (135, '2025-08-10', 'Herramientas', 78006, 'Herramientas - Eaque assumenda quidem amet.', 3);
INSERT INTO farm_cost (id, date, category, amount, notes, farm_id) VALUES (136, '2025-08-17', 'Servicios', 267750, 'Servicios - Alta modelo los.', 1);
INSERT INTO farm_cost (id, date, category, amount, notes, farm_id) VALUES (137, '2025-08-17', 'Mano de obra', 616552, 'Mano de obra - Dolore tenetur ipsum tempora.', 1);
INSERT INTO farm_cost (id, date, category, amount, notes, farm_id) VALUES (138, '2025-08-17', 'Servicios', 60345, 'Servicios - Explicabo et nesciunt dolor vitae.', 1);
INSERT INTO farm_cost (id, date, category, amount, notes, farm_id) VALUES (139, '2025-08-17', 'Fertilizantes', 210309, 'Fertilizantes - Sino estilo media.', 2);
INSERT INTO farm_cost (id, date, category, amount, notes, farm_id) VALUES (140, '2025-08-17', 'Herramientas', 128943, 'Herramientas - Dolore distinctio aspernatur.', 2);
INSERT INTO farm_cost (id, date, category, amount, notes, farm_id) VALUES (141, '2025-08-17', 'Mantenimiento', 238935, 'Mantenimiento - Evitar igual principales bueno existen.', 2);
INSERT INTO farm_cost (id, date, category, amount, notes, farm_id) VALUES (142, '2025-08-17', 'Mantenimiento', 283263, 'Mantenimiento - Cierta pesar propuesta.', 3);
INSERT INTO farm_cost (id, date, category, amount, notes, farm_id) VALUES (143, '2025-08-17', 'Mano de obra', 280400, 'Mano de obra - Jefe podría defensa éste.', 3);
INSERT INTO farm_cost (id, date, category, amount, notes, farm_id) VALUES (144, '2025-08-17', 'Mantenimiento', 202206, 'Mantenimiento - Sala quiere fuera demás tales.', 3);
INSERT INTO farm_cost (id, date, category, amount, notes, farm_id) VALUES (145, '2025-08-24', 'Transporte', 223631, 'Transporte - Razones clase música general.', 1);
INSERT INTO farm_cost (id, date, category, amount, notes, farm_id) VALUES (146, '2025-08-24', 'Herramientas', 209100, 'Herramientas - Internacional final mar manos universidad política.', 1);
INSERT INTO farm_cost (id, date, category, amount, notes, farm_id) VALUES (147, '2025-08-24', 'Fertilizantes', 247231, 'Fertilizantes - Propio mundo primeras mientras obstante.', 1);
INSERT INTO farm_cost (id, date, category, amount, notes, farm_id) VALUES (148, '2025-08-24', 'Fertilizantes', 254493, 'Fertilizantes - Salir con sentido vamos etc.', 1);
INSERT INTO farm_cost (id, date, category, amount, notes, farm_id) VALUES (149, '2025-08-24', 'Fertilizantes', 386667, 'Fertilizantes - Tempora aut similique tenetur occaecati.', 2);
INSERT INTO farm_cost (id, date, category, amount, notes, farm_id) VALUES (150, '2025-08-24', 'Herramientas', 269389, 'Herramientas - Incidunt modi exercitationem repellat.', 2);
INSERT INTO farm_cost (id, date, category, amount, notes, farm_id) VALUES (151, '2025-08-24', 'Servicios', 78314, 'Servicios - Sí suficiente trata piel medios.', 2);
INSERT INTO farm_cost (id, date, category, amount, notes, farm_id) VALUES (152, '2025-08-24', 'Herramientas', 139359, 'Herramientas - Interés centro fueron esa.', 3);
INSERT INTO farm_cost (id, date, category, amount, notes, farm_id) VALUES (153, '2025-08-24', 'Mano de obra', 799045, 'Mano de obra - Aliquam saepe iste velit iure.', 3);
INSERT INTO farm_cost (id, date, category, amount, notes, farm_id) VALUES (154, '2025-08-24', 'Fertilizantes', 395800, 'Fertilizantes - Europea fútbol fuerte origen agua actual.', 3);
INSERT INTO farm_cost (id, date, category, amount, notes, farm_id) VALUES (155, '2025-08-31', 'Herramientas', 141911, 'Herramientas - Tuvo casa cuando.', 1);
INSERT INTO farm_cost (id, date, category, amount, notes, farm_id) VALUES (156, '2025-08-31', 'Mantenimiento', 239946, 'Mantenimiento - Industria jamás nada.', 1);
INSERT INTO farm_cost (id, date, category, amount, notes, farm_id) VALUES (157, '2025-08-31', 'Mano de obra', 606875, 'Mano de obra - Facere eligendi quo modi tenetur officiis.', 1);
INSERT INTO farm_cost (id, date, category, amount, notes, farm_id) VALUES (158, '2025-08-31', 'Transporte', 285216, 'Transporte - Siquiera objeto hombres libro desarrollo posible.', 1);
INSERT INTO farm_cost (id, date, category, amount, notes, farm_id) VALUES (159, '2025-08-31', 'Mantenimiento', 113128, 'Mantenimiento - Expedita quibusdam aliquam voluptatibus numquam.', 2);
INSERT INTO farm_cost (id, date, category, amount, notes, farm_id) VALUES (160, '2025-08-31', 'Transporte', 214851, 'Transporte - Voluptatibus fuga incidunt officiis adipisci.', 2);
INSERT INTO farm_cost (id, date, category, amount, notes, farm_id) VALUES (161, '2025-08-31', 'Servicios', 246404, 'Servicios - Jamás izquierda carne.', 3);
INSERT INTO farm_cost (id, date, category, amount, notes, farm_id) VALUES (162, '2025-08-31', 'Fertilizantes', 281500, 'Fertilizantes - Instituto viene administración pequeña propia falta.', 3);
INSERT INTO farm_cost (id, date, category, amount, notes, farm_id) VALUES (163, '2025-09-07', 'Mano de obra', 706260, 'Mano de obra - Dado hora construcción memoria pedro silencio.', 1);
INSERT INTO farm_cost (id, date, category, amount, notes, farm_id) VALUES (164, '2025-09-07', 'Fertilizantes', 244047, 'Fertilizantes - Quia facere qui maiores error incidunt.', 1);
INSERT INTO farm_cost (id, date, category, amount, notes, farm_id) VALUES (165, '2025-09-07', 'Transporte', 117897, 'Transporte - Hic impedit necessitatibus autem nulla sint.', 1);
INSERT INTO farm_cost (id, date, category, amount, notes, farm_id) VALUES (166, '2025-09-07', 'Servicios', 289162, 'Servicios - A dolores iusto laborum minima nulla.', 1);
INSERT INTO farm_cost (id, date, category, amount, notes, farm_id) VALUES (167, '2025-09-07', 'Herramientas', 172089, 'Herramientas - Quae quam aspernatur praesentium.', 2);
INSERT INTO farm_cost (id, date, category, amount, notes, farm_id) VALUES (168, '2025-09-07', 'Servicios', 276933, 'Servicios - Dolor español respuesta ejemplo lado.', 2);
INSERT INTO farm_cost (id, date, category, amount, notes, farm_id) VALUES (169, '2025-09-07', 'Mantenimiento', 88785, 'Mantenimiento - Niño precisamente interior mañana central.', 2);
INSERT INTO farm_cost (id, date, category, amount, notes, farm_id) VALUES (170, '2025-09-07', 'Servicios', 130911, 'Servicios - Estilo programa distintos.', 3);
INSERT INTO farm_cost (id, date, category, amount, notes, farm_id) VALUES (171, '2025-09-07', 'Transporte', 199888, 'Transporte - Importante respuesta así voluntad encuentran.', 3);
INSERT INTO farm_cost (id, date, category, amount, notes, farm_id) VALUES (172, '2025-09-07', 'Mantenimiento', 67322, 'Mantenimiento - Que asunto gonzález caso.', 3);
INSERT INTO farm_cost (id, date, category, amount, notes, farm_id) VALUES (173, '2025-09-07', 'Fertilizantes', 369532, 'Fertilizantes - In magni ex eum natus.', 3);
INSERT INTO farm_cost (id, date, category, amount, notes, farm_id) VALUES (174, '2025-09-14', 'Servicios', 281297, 'Servicios - Debitis corporis perspiciatis.', 1);
INSERT INTO farm_cost (id, date, category, amount, notes, farm_id) VALUES (175, '2025-09-14', 'Mantenimiento', 107922, 'Mantenimiento - Omnis nesciunt voluptas maiores iure est.', 1);
INSERT INTO farm_cost (id, date, category, amount, notes, farm_id) VALUES (176, '2025-09-14', 'Mantenimiento', 167296, 'Mantenimiento - Agua programa con.', 1);
INSERT INTO farm_cost (id, date, category, amount, notes, farm_id) VALUES (177, '2025-09-14', 'Mantenimiento', 257487, 'Mantenimiento - Voluptatum commodi cum.', 1);
INSERT INTO farm_cost (id, date, category, amount, notes, farm_id) VALUES (178, '2025-09-14', 'Mantenimiento', 167759, 'Mantenimiento - Tempore voluptatibus voluptas quis non.', 2);
INSERT INTO farm_cost (id, date, category, amount, notes, farm_id) VALUES (179, '2025-09-14', 'Fertilizantes', 188639, 'Fertilizantes - Neque consequuntur reiciendis.', 2);
INSERT INTO farm_cost (id, date, category, amount, notes, farm_id) VALUES (180, '2025-09-14', 'Mano de obra', 265654, 'Mano de obra - Aliquid repudiandae fugiat enim vero.', 2);
INSERT INTO farm_cost (id, date, category, amount, notes, farm_id) VALUES (181, '2025-09-14', 'Herramientas', 263855, 'Herramientas - Tempora fuga deserunt molestiae.', 2);
INSERT INTO farm_cost (id, date, category, amount, notes, farm_id) VALUES (182, '2025-09-14', 'Transporte', 53714, 'Transporte - Boca ciento hacer también nuestros.', 3);
INSERT INTO farm_cost (id, date, category, amount, notes, farm_id) VALUES (183, '2025-09-14', 'Mantenimiento', 115283, 'Mantenimiento - Ipsum corporis dolor.', 3);
INSERT INTO farm_cost (id, date, category, amount, notes, farm_id) VALUES (184, '2025-09-14', 'Fertilizantes', 400177, 'Fertilizantes - Fuego apenas hacer dinero buen importante.', 3);
INSERT INTO farm_cost (id, date, category, amount, notes, farm_id) VALUES (185, '2025-09-21', 'Servicios', 186008, 'Servicios - Vero blanditiis qui quidem esse optio.', 1);
INSERT INTO farm_cost (id, date, category, amount, notes, farm_id) VALUES (186, '2025-09-21', 'Fertilizantes', 386860, 'Fertilizantes - Debitis error cum atque voluptas.', 1);
INSERT INTO farm_cost (id, date, category, amount, notes, farm_id) VALUES (187, '2025-09-21', 'Transporte', 184986, 'Transporte - Eso causa autor.', 1);
INSERT INTO farm_cost (id, date, category, amount, notes, farm_id) VALUES (188, '2025-09-21', 'Herramientas', 107075, 'Herramientas - Iure inventore natus nesciunt totam occaecati.', 1);
INSERT INTO farm_cost (id, date, category, amount, notes, farm_id) VALUES (189, '2025-09-21', 'Mano de obra', 704672, 'Mano de obra - Gente somos soy voluntad volver.', 2);
INSERT INTO farm_cost (id, date, category, amount, notes, farm_id) VALUES (190, '2025-09-21', 'Transporte', 273851, 'Transporte - Maiores fugiat magni maxime quod.', 2);
INSERT INTO farm_cost (id, date, category, amount, notes, farm_id) VALUES (191, '2025-09-21', 'Herramientas', 232176, 'Herramientas - Marzo arte campo partido bajo josé.', 2);
INSERT INTO farm_cost (id, date, category, amount, notes, farm_id) VALUES (192, '2025-09-21', 'Servicios', 291572, 'Servicios - González papel puerto.', 3);
INSERT INTO farm_cost (id, date, category, amount, notes, farm_id) VALUES (193, '2025-09-21', 'Servicios', 270980, 'Servicios - Aut excepturi illum pariatur rerum.', 3);
INSERT INTO farm_cost (id, date, category, amount, notes, farm_id) VALUES (194, '2025-09-28', 'Mantenimiento', 281661, 'Mantenimiento - Nuevos unidad ambiente ejemplo vista fecha.', 1);
INSERT INTO farm_cost (id, date, category, amount, notes, farm_id) VALUES (195, '2025-09-28', 'Servicios', 206836, 'Servicios - Cum aliquid eveniet debitis.', 1);
INSERT INTO farm_cost (id, date, category, amount, notes, farm_id) VALUES (196, '2025-09-28', 'Fertilizantes', 259349, 'Fertilizantes - Numquam facilis iste corporis maxime.', 1);
INSERT INTO farm_cost (id, date, category, amount, notes, farm_id) VALUES (197, '2025-09-28', 'Fertilizantes', 224354, 'Fertilizantes - Placeat numquam quae voluptate.', 2);
INSERT INTO farm_cost (id, date, category, amount, notes, farm_id) VALUES (198, '2025-09-28', 'Fertilizantes', 102775, 'Fertilizantes - Actual esa respecto entrada público características.', 2);
INSERT INTO farm_cost (id, date, category, amount, notes, farm_id) VALUES (199, '2025-09-28', 'Servicios', 164849, 'Servicios - Ideas peor bastante diario iba.', 3);
INSERT INTO farm_cost (id, date, category, amount, notes, farm_id) VALUES (200, '2025-09-28', 'Herramientas', 152899, 'Herramientas - Hay existe decía eran tierra podrá.', 3);
INSERT INTO farm_cost (id, date, category, amount, notes, farm_id) VALUES (201, '2025-09-28', 'Transporte', 291174, 'Transporte - Puesto radio arriba relación cuerpo alguna.', 3);
INSERT INTO farm_cost (id, date, category, amount, notes, farm_id) VALUES (202, '2025-09-28', 'Herramientas', 194119, 'Herramientas - Enim atque deleniti quia aspernatur impedit.', 3);
INSERT INTO farm_cost (id, date, category, amount, notes, farm_id) VALUES (203, '2025-10-05', 'Herramientas', 169305, 'Herramientas - Último esas sueño para.', 1);
INSERT INTO farm_cost (id, date, category, amount, notes, farm_id) VALUES (204, '2025-10-05', 'Herramientas', 258003, 'Herramientas - Dolores maxime quo.', 1);
INSERT INTO farm_cost (id, date, category, amount, notes, farm_id) VALUES (205, '2025-10-05', 'Transporte', 111236, 'Transporte - Omnis magnam ab odit quod voluptate.', 2);
INSERT INTO farm_cost (id, date, category, amount, notes, farm_id) VALUES (206, '2025-10-05', 'Transporte', 108003, 'Transporte - Podía artículo hacer pone cultura.', 2);
INSERT INTO farm_cost (id, date, category, amount, notes, farm_id) VALUES (207, '2025-10-05', 'Mantenimiento', 130135, 'Mantenimiento - República presente teoría izquierda etapa.', 3);
INSERT INTO farm_cost (id, date, category, amount, notes, farm_id) VALUES (208, '2025-10-05', 'Servicios', 76359, 'Servicios - Dolore eum voluptatum quaerat quos voluptas.', 3);
INSERT INTO farm_cost (id, date, category, amount, notes, farm_id) VALUES (209, '2025-10-12', 'Transporte', 175457, 'Transporte - Mujeres área vivir.', 1);
INSERT INTO farm_cost (id, date, category, amount, notes, farm_id) VALUES (210, '2025-10-12', 'Transporte', 227117, 'Transporte - Voluptates et excepturi atque.', 1);
INSERT INTO farm_cost (id, date, category, amount, notes, farm_id) VALUES (211, '2025-10-12', 'Mano de obra', 456252, 'Mano de obra - Alguna poco pone banco cada público.', 2);
INSERT INTO farm_cost (id, date, category, amount, notes, farm_id) VALUES (212, '2025-10-12', 'Fertilizantes', 429228, 'Fertilizantes - Itaque quisquam a est.', 2);
INSERT INTO farm_cost (id, date, category, amount, notes, farm_id) VALUES (213, '2025-10-12', 'Mano de obra', 290127, 'Mano de obra - Principales frente hechos forma muy club.', 2);
INSERT INTO farm_cost (id, date, category, amount, notes, farm_id) VALUES (214, '2025-10-12', 'Herramientas', 53252, 'Herramientas - Propia negro lado.', 2);
INSERT INTO farm_cost (id, date, category, amount, notes, farm_id) VALUES (215, '2025-10-12', 'Servicios', 168473, 'Servicios - Architecto temporibus adipisci.', 3);
INSERT INTO farm_cost (id, date, category, amount, notes, farm_id) VALUES (216, '2025-10-12', 'Mantenimiento', 151954, 'Mantenimiento - Toda situación uso operación próximo.', 3);
INSERT INTO farm_cost (id, date, category, amount, notes, farm_id) VALUES (217, '2025-10-19', 'Servicios', 163864, 'Servicios - Grupo militares sentido.', 1);
INSERT INTO farm_cost (id, date, category, amount, notes, farm_id) VALUES (218, '2025-10-19', 'Herramientas', 159150, 'Herramientas - Objetivo asimismo semana.', 1);
INSERT INTO farm_cost (id, date, category, amount, notes, farm_id) VALUES (219, '2025-10-19', 'Servicios', 168036, 'Servicios - Popular ex quedó máximo.', 1);
INSERT INTO farm_cost (id, date, category, amount, notes, farm_id) VALUES (220, '2025-10-19', 'Herramientas', 158445, 'Herramientas - Rosa pues metros solo.', 2);
INSERT INTO farm_cost (id, date, category, amount, notes, farm_id) VALUES (221, '2025-10-19', 'Servicios', 61554, 'Servicios - Animi quidem dignissimos nam rerum.', 2);
INSERT INTO farm_cost (id, date, category, amount, notes, farm_id) VALUES (222, '2025-10-19', 'Transporte', 218783, 'Transporte - Laborum praesentium saepe vero.', 2);
INSERT INTO farm_cost (id, date, category, amount, notes, farm_id) VALUES (223, '2025-10-19', 'Transporte', 216301, 'Transporte - Inventore in voluptatum.', 3);
INSERT INTO farm_cost (id, date, category, amount, notes, farm_id) VALUES (224, '2025-10-19', 'Mantenimiento', 113989, 'Mantenimiento - Ciento blanco cine bueno alta.', 3);
INSERT INTO farm_cost (id, date, category, amount, notes, farm_id) VALUES (225, '2025-10-19', 'Fertilizantes', 295320, 'Fertilizantes - Función régimen esfuerzo pone importantes poner.', 3);
INSERT INTO farm_cost (id, date, category, amount, notes, farm_id) VALUES (226, '2025-10-26', 'Mano de obra', 375433, 'Mano de obra - Eligendi quae sed nemo.', 1);
INSERT INTO farm_cost (id, date, category, amount, notes, farm_id) VALUES (227, '2025-10-26', 'Mantenimiento', 233353, 'Mantenimiento - Cierto menos apoyo largo como blanco.', 1);
INSERT INTO farm_cost (id, date, category, amount, notes, farm_id) VALUES (228, '2025-10-26', 'Herramientas', 283632, 'Herramientas - Consequuntur modi tenetur quisquam sequi exercitationem.', 1);
INSERT INTO farm_cost (id, date, category, amount, notes, farm_id) VALUES (229, '2025-10-26', 'Mantenimiento', 160579, 'Mantenimiento - Central ha puntos personal cambio realizar.', 2);
INSERT INTO farm_cost (id, date, category, amount, notes, farm_id) VALUES (230, '2025-10-26', 'Servicios', 282711, 'Servicios - Repudiandae quia consequatur ab.', 2);
INSERT INTO farm_cost (id, date, category, amount, notes, farm_id) VALUES (231, '2025-10-26', 'Servicios', 86937, 'Servicios - Nobis fuga quibusdam aliquam.', 3);
INSERT INTO farm_cost (id, date, category, amount, notes, farm_id) VALUES (232, '2025-10-26', 'Transporte', 191147, 'Transporte - Suscipit quisquam eveniet officia dolore.', 3);

-- Herramientas
INSERT INTO farm_tool (id, name, purchase_date, cost, farm_id) VALUES (1, 'Motosierra', '2024-05-24', 891806, 1);
INSERT INTO farm_tool (id, name, purchase_date, cost, farm_id) VALUES (2, 'Carretilla', '2024-07-26', 711666, 1);
INSERT INTO farm_tool (id, name, purchase_date, cost, farm_id) VALUES (3, 'Carretilla', '2024-08-10', 330780, 1);
INSERT INTO farm_tool (id, name, purchase_date, cost, farm_id) VALUES (4, 'Bomba fumigadora', '2024-09-11', 1013649, 1);
INSERT INTO farm_tool (id, name, purchase_date, cost, farm_id) VALUES (5, 'Carretilla', '2024-08-07', 1298266, 2);
INSERT INTO farm_tool (id, name, purchase_date, cost, farm_id) VALUES (6, 'Carretilla', '2024-09-04', 1327177, 2);
INSERT INTO farm_tool (id, name, purchase_date, cost, farm_id) VALUES (7, 'Motosierra', '2024-10-21', 730442, 2);
INSERT INTO farm_tool (id, name, purchase_date, cost, farm_id) VALUES (8, 'Guadaña', '2024-10-12', 821255, 3);
INSERT INTO farm_tool (id, name, purchase_date, cost, farm_id) VALUES (9, 'Guadaña', '2025-03-16', 923877, 3);
INSERT INTO farm_tool (id, name, purchase_date, cost, farm_id) VALUES (10, 'Machete', '2025-04-03', 152080, 3);
INSERT INTO farm_tool (id, name, purchase_date, cost, farm_id) VALUES (11, 'Guadaña', '2024-07-29', 409224, 3);

-- Empleados
INSERT INTO farm_employee (id, full_name, role, daily_rate, farm_id) VALUES (1, 'Sofía Ramírez', 'Jornalero', 75381, 1);
INSERT INTO farm_employee (id, full_name, role, daily_rate, farm_id) VALUES (2, 'Magdalena Fuster Calleja', 'Fumigador', 43833, 1);
INSERT INTO farm_employee (id, full_name, role, daily_rate, farm_id) VALUES (3, 'Carolina Quintero Valencia', 'Recolector', 56978, 1);
INSERT INTO farm_employee (id, full_name, role, daily_rate, farm_id) VALUES (4, 'Mateo Yáñez', 'Recolector', 76579, 1);
INSERT INTO farm_employee (id, full_name, role, daily_rate, farm_id) VALUES (5, 'Herberto Navarrete Soriano', 'Jornalero', 73141, 1);
INSERT INTO farm_employee (id, full_name, role, daily_rate, farm_id) VALUES (6, 'Carmen Andrade Salazar', 'Mayordomo', 58279, 1);
INSERT INTO farm_employee (id, full_name, role, daily_rate, farm_id) VALUES (7, 'Patricia María Miranda', 'Jornalero', 78407, 2);
INSERT INTO farm_employee (id, full_name, role, daily_rate, farm_id) VALUES (8, 'Lorena Méndez Álvarez', 'Fumigador', 50291, 2);
INSERT INTO farm_employee (id, full_name, role, daily_rate, farm_id) VALUES (9, 'Desiderio Ortuño Guzmán', 'Fumigador', 57192, 2);
INSERT INTO farm_employee (id, full_name, role, daily_rate, farm_id) VALUES (10, 'Carolina Gladys Quiroga Arango', 'Recolector', 43365, 2);
INSERT INTO farm_employee (id, full_name, role, daily_rate, farm_id) VALUES (11, 'Jorge Taboada-Pujol', 'Recolector', 63708, 3);
INSERT INTO farm_employee (id, full_name, role, daily_rate, farm_id) VALUES (12, 'Enrique Caicedo Rodríguez', 'Mayordomo', 76129, 3);
INSERT INTO farm_employee (id, full_name, role, daily_rate, farm_id) VALUES (13, 'David Dario Quintero', 'Recolector', 43997, 3);
INSERT INTO farm_employee (id, full_name, role, daily_rate, farm_id) VALUES (14, 'Flavia Amador Mas', 'Recolector', 52762, 3);
INSERT INTO farm_employee (id, full_name, role, daily_rate, farm_id) VALUES (15, 'Rebeca del Salas', 'Mayordomo', 53752, 3);
INSERT INTO farm_employee (id, full_name, role, daily_rate, farm_id) VALUES (16, 'Miguela del Pedrero', 'Mayordomo', 44143, 3);

-- Deudas de trabajadores
INSERT INTO commerce_workerdebt (id, description, amount, created_at, paid, worker_id) VALUES (1, 'Préstamo nam', 448479, '2025-07-07', false, 1);
INSERT INTO commerce_workerdebt (id, description, amount, created_at, paid, worker_id) VALUES (2, 'Préstamo dignissimos', 168821, '2025-08-21', true, 1);
INSERT INTO commerce_workerdebt (id, description, amount, created_at, paid, worker_id) VALUES (3, 'Préstamo quas', 193844, '2025-07-28', true, 1);
INSERT INTO commerce_workerdebt (id, description, amount, created_at, paid, worker_id) VALUES (4, 'Préstamo accusantium', 445891, '2025-08-22', false, 2);
INSERT INTO commerce_workerdebt (id, description, amount, created_at, paid, worker_id) VALUES (5, 'Préstamo perdido', 235987, '2025-08-21', true, 2);
INSERT INTO commerce_workerdebt (id, description, amount, created_at, paid, worker_id) VALUES (6, 'Préstamo vivir', 177526, '2025-06-14', true, 4);
INSERT INTO commerce_workerdebt (id, description, amount, created_at, paid, worker_id) VALUES (7, 'Préstamo fugit', 284450, '2025-09-24', false, 4);
INSERT INTO commerce_workerdebt (id, description, amount, created_at, paid, worker_id) VALUES (8, 'Préstamo joven', 288128, '2025-05-21', false, 4);
INSERT INTO commerce_workerdebt (id, description, amount, created_at, paid, worker_id) VALUES (9, 'Préstamo sino', 467330, '2025-06-12', true, 10);
INSERT INTO commerce_workerdebt (id, description, amount, created_at, paid, worker_id) VALUES (10, 'Préstamo cambios', 260381, '2025-06-19', false, 10);
INSERT INTO commerce_workerdebt (id, description, amount, created_at, paid, worker_id) VALUES (11, 'Préstamo jorge', 139697, '2025-08-03', true, 10);
INSERT INTO commerce_workerdebt (id, description, amount, created_at, paid, worker_id) VALUES (12, 'Préstamo impedit', 173418, '2025-09-19', true, 10);
INSERT INTO commerce_workerdebt (id, description, amount, created_at, paid, worker_id) VALUES (13, 'Préstamo corrupti', 402121, '2025-09-11', true, 10);
INSERT INTO commerce_workerdebt (id, description, amount, created_at, paid, worker_id) VALUES (14, 'Préstamo consequuntur', 146961, '2025-07-18', false, 12);
INSERT INTO commerce_workerdebt (id, description, amount, created_at, paid, worker_id) VALUES (15, 'Préstamo perferendis', 338195, '2025-08-26', true, 12);
INSERT INTO commerce_workerdebt (id, description, amount, created_at, paid, worker_id) VALUES (16, 'Préstamo sed', 113845, '2025-09-12', true, 12);
INSERT INTO commerce_workerdebt (id, description, amount, created_at, paid, worker_id) VALUES (17, 'Préstamo in', 268641, '2025-06-21', true, 16);
INSERT INTO commerce_workerdebt (id, description, amount, created_at, paid, worker_id) VALUES (18, 'Préstamo más', 304560, '2025-07-01', false, 16);
INSERT INTO commerce_workerdebt (id, description, amount, created_at, paid, worker_id) VALUES (19, 'Préstamo española', 134098, '2025-09-27', true, 16);
INSERT INTO commerce_workerdebt (id, description, amount, created_at, paid, worker_id) VALUES (20, 'Préstamo aliquam', 177209, '2025-07-21', true, 16);
INSERT INTO commerce_workerdebt (id, description, amount, created_at, paid, worker_id) VALUES (21, 'Préstamo socialista', 374626, '2025-08-30', true, 16);
INSERT INTO commerce_workerdebt (id, description, amount, created_at, paid, worker_id) VALUES (22, 'Préstamo architecto', 154154, '2025-09-11', true, 19);
INSERT INTO commerce_workerdebt (id, description, amount, created_at, paid, worker_id) VALUES (23, 'Préstamo tempora', 113076, '2025-09-14', true, 19);
INSERT INTO commerce_workerdebt (id, description, amount, created_at, paid, worker_id) VALUES (24, 'Préstamo sola', 387691, '2025-07-02', true, 19);
INSERT INTO commerce_workerdebt (id, description, amount, created_at, paid, worker_id) VALUES (25, 'Préstamo enim', 356518, '2025-06-07', true, 21);
INSERT INTO commerce_workerdebt (id, description, amount, created_at, paid, worker_id) VALUES (26, 'Préstamo muestra', 173312, '2025-05-19', false, 21);
INSERT INTO commerce_workerdebt (id, description, amount, created_at, paid, worker_id) VALUES (27, 'Préstamo quaerat', 244738, '2025-08-08', true, 21);
INSERT INTO commerce_workerdebt (id, description, amount, created_at, paid, worker_id) VALUES (28, 'Préstamo illum', 214411, '2025-08-09', false, 22);
INSERT INTO commerce_workerdebt (id, description, amount, created_at, paid, worker_id) VALUES (29, 'Préstamo dolorem', 184731, '2025-08-22', false, 22);
INSERT INTO commerce_workerdebt (id, description, amount, created_at, paid, worker_id) VALUES (30, 'Préstamo carrera', 147950, '2025-09-26', true, 22);
INSERT INTO commerce_workerdebt (id, description, amount, created_at, paid, worker_id) VALUES (31, 'Préstamo totam', 337875, '2025-05-26', true, 22);
INSERT INTO commerce_workerdebt (id, description, amount, created_at, paid, worker_id) VALUES (32, 'Préstamo iste', 108616, '2025-06-17', true, 24);
INSERT INTO commerce_workerdebt (id, description, amount, created_at, paid, worker_id) VALUES (33, 'Préstamo poder', 377194, '2025-09-27', false, 24);
INSERT INTO commerce_workerdebt (id, description, amount, created_at, paid, worker_id) VALUES (34, 'Préstamo cosa', 332631, '2025-10-21', true, 25);
INSERT INTO commerce_workerdebt (id, description, amount, created_at, paid, worker_id) VALUES (35, 'Préstamo buena', 415626, '2025-07-12', true, 25);
INSERT INTO commerce_workerdebt (id, description, amount, created_at, paid, worker_id) VALUES (36, 'Préstamo suscipit', 152949, '2025-08-28', true, 25);
INSERT INTO commerce_workerdebt (id, description, amount, created_at, paid, worker_id) VALUES (37, 'Préstamo inventore', 429990, '2025-07-09', true, 25);
INSERT INTO commerce_workerdebt (id, description, amount, created_at, paid, worker_id) VALUES (38, 'Préstamo velit', 440178, '2025-07-04', false, 25);

-- Pagos de trabajadores
INSERT INTO commerce_workerpayment (id, amount, created_at, note, debt_id, worker_id) VALUES (1, 79523, '2025-10-17', 'Pago parcial 1', 2, 1);
INSERT INTO commerce_workerpayment (id, amount, created_at, note, debt_id, worker_id) VALUES (2, 89298, '2025-10-19', 'Pago parcial 2', 2, 1);
INSERT INTO commerce_workerpayment (id, amount, created_at, note, debt_id, worker_id) VALUES (3, 63707, '2025-08-22', 'Pago parcial 1', 3, 1);
INSERT INTO commerce_workerpayment (id, amount, created_at, note, debt_id, worker_id) VALUES (4, 130137, '2025-08-08', 'Pago parcial 2', 3, 1);
INSERT INTO commerce_workerpayment (id, amount, created_at, note, debt_id, worker_id) VALUES (5, 81570, '2025-09-15', 'Pago parcial 1', 5, 2);
INSERT INTO commerce_workerpayment (id, amount, created_at, note, debt_id, worker_id) VALUES (6, 154417, '2025-09-20', 'Pago parcial 2', 5, 2);
INSERT INTO commerce_workerpayment (id, amount, created_at, note, debt_id, worker_id) VALUES (7, 177526, '2025-07-02', 'Pago parcial 1', 6, 4);
INSERT INTO commerce_workerpayment (id, amount, created_at, note, debt_id, worker_id) VALUES (8, 467330, '2025-08-06', 'Pago parcial 1', 9, 10);
INSERT INTO commerce_workerpayment (id, amount, created_at, note, debt_id, worker_id) VALUES (9, 62306, '2025-08-22', 'Pago parcial 1', 11, 10);
INSERT INTO commerce_workerpayment (id, amount, created_at, note, debt_id, worker_id) VALUES (10, 77391, '2025-09-01', 'Pago parcial 2', 11, 10);
INSERT INTO commerce_workerpayment (id, amount, created_at, note, debt_id, worker_id) VALUES (11, 55732, '2025-11-17', 'Pago parcial 1', 12, 10);
INSERT INTO commerce_workerpayment (id, amount, created_at, note, debt_id, worker_id) VALUES (12, 117686, '2025-11-12', 'Pago parcial 2', 12, 10);
INSERT INTO commerce_workerpayment (id, amount, created_at, note, debt_id, worker_id) VALUES (13, 197563, '2025-10-08', 'Pago parcial 1', 13, 10);
INSERT INTO commerce_workerpayment (id, amount, created_at, note, debt_id, worker_id) VALUES (14, 204558, '2025-09-30', 'Pago parcial 2', 13, 10);
INSERT INTO commerce_workerpayment (id, amount, created_at, note, debt_id, worker_id) VALUES (15, 122402, '2025-10-15', 'Pago parcial 1', 15, 12);
INSERT INTO commerce_workerpayment (id, amount, created_at, note, debt_id, worker_id) VALUES (16, 99145, '2025-10-03', 'Pago parcial 2', 15, 12);
INSERT INTO commerce_workerpayment (id, amount, created_at, note, debt_id, worker_id) VALUES (17, 116648, '2025-09-10', 'Pago parcial 3', 15, 12);
INSERT INTO commerce_workerpayment (id, amount, created_at, note, debt_id, worker_id) VALUES (18, 50528, '2025-09-30', 'Pago parcial 1', 16, 12);
INSERT INTO commerce_workerpayment (id, amount, created_at, note, debt_id, worker_id) VALUES (19, 63317, '2025-10-04', 'Pago parcial 2', 16, 12);
INSERT INTO commerce_workerpayment (id, amount, created_at, note, debt_id, worker_id) VALUES (20, 124560, '2025-07-03', 'Pago parcial 1', 17, 16);
INSERT INTO commerce_workerpayment (id, amount, created_at, note, debt_id, worker_id) VALUES (21, 55982, '2025-08-04', 'Pago parcial 2', 17, 16);
INSERT INTO commerce_workerpayment (id, amount, created_at, note, debt_id, worker_id) VALUES (22, 88099, '2025-08-11', 'Pago parcial 3', 17, 16);
INSERT INTO commerce_workerpayment (id, amount, created_at, note, debt_id, worker_id) VALUES (23, 134098, '2025-11-16', 'Pago parcial 1', 19, 16);
INSERT INTO commerce_workerpayment (id, amount, created_at, note, debt_id, worker_id) VALUES (24, 177209, '2025-09-09', 'Pago parcial 1', 20, 16);
INSERT INTO commerce_workerpayment (id, amount, created_at, note, debt_id, worker_id) VALUES (25, 120615, '2025-09-08', 'Pago parcial 1', 21, 16);
INSERT INTO commerce_workerpayment (id, amount, created_at, note, debt_id, worker_id) VALUES (26, 254011, '2025-09-22', 'Pago parcial 2', 21, 16);
INSERT INTO commerce_workerpayment (id, amount, created_at, note, debt_id, worker_id) VALUES (27, 55777, '2025-10-27', 'Pago parcial 1', 22, 19);
INSERT INTO commerce_workerpayment (id, amount, created_at, note, debt_id, worker_id) VALUES (28, 98377, '2025-10-15', 'Pago parcial 2', 22, 19);
INSERT INTO commerce_workerpayment (id, amount, created_at, note, debt_id, worker_id) VALUES (29, 51641, '2025-10-27', 'Pago parcial 1', 23, 19);
INSERT INTO commerce_workerpayment (id, amount, created_at, note, debt_id, worker_id) VALUES (30, 61435, '2025-10-13', 'Pago parcial 2', 23, 19);
INSERT INTO commerce_workerpayment (id, amount, created_at, note, debt_id, worker_id) VALUES (31, 0, '2025-10-20', 'Pago parcial 3', 23, 19);
INSERT INTO commerce_workerpayment (id, amount, created_at, note, debt_id, worker_id) VALUES (32, 387691, '2025-07-11', 'Pago parcial 1', 24, 19);
INSERT INTO commerce_workerpayment (id, amount, created_at, note, debt_id, worker_id) VALUES (33, 82307, '2025-07-19', 'Pago parcial 1', 25, 21);
INSERT INTO commerce_workerpayment (id, amount, created_at, note, debt_id, worker_id) VALUES (34, 274211, '2025-07-12', 'Pago parcial 2', 25, 21);
INSERT INTO commerce_workerpayment (id, amount, created_at, note, debt_id, worker_id) VALUES (35, 119827, '2025-09-07', 'Pago parcial 1', 27, 21);
INSERT INTO commerce_workerpayment (id, amount, created_at, note, debt_id, worker_id) VALUES (36, 58359, '2025-09-25', 'Pago parcial 2', 27, 21);
INSERT INTO commerce_workerpayment (id, amount, created_at, note, debt_id, worker_id) VALUES (37, 66552, '2025-10-04', 'Pago parcial 3', 27, 21);
INSERT INTO commerce_workerpayment (id, amount, created_at, note, debt_id, worker_id) VALUES (38, 55312, '2025-10-07', 'Pago parcial 1', 30, 22);
INSERT INTO commerce_workerpayment (id, amount, created_at, note, debt_id, worker_id) VALUES (39, 92638, '2025-10-06', 'Pago parcial 2', 30, 22);
INSERT INTO commerce_workerpayment (id, amount, created_at, note, debt_id, worker_id) VALUES (40, 337875, '2025-07-20', 'Pago parcial 1', 31, 22);
INSERT INTO commerce_workerpayment (id, amount, created_at, note, debt_id, worker_id) VALUES (41, 108616, '2025-08-02', 'Pago parcial 1', 32, 24);
INSERT INTO commerce_workerpayment (id, amount, created_at, note, debt_id, worker_id) VALUES (42, 332631, '2025-11-30', 'Pago parcial 1', 34, 25);
INSERT INTO commerce_workerpayment (id, amount, created_at, note, debt_id, worker_id) VALUES (43, 415626, '2025-07-31', 'Pago parcial 1', 35, 25);
INSERT INTO commerce_workerpayment (id, amount, created_at, note, debt_id, worker_id) VALUES (44, 152949, '2025-09-26', 'Pago parcial 1', 36, 25);
INSERT INTO commerce_workerpayment (id, amount, created_at, note, debt_id, worker_id) VALUES (45, 429990, '2025-07-24', 'Pago parcial 1', 37, 25);

-- Listados de venta
INSERT INTO commerce_listing (id, quantity_kg, min_price_per_kg, is_auction, status, crop_id, seller_id) VALUES (1, 431, 8904, false, 'sold', 1, 1);
INSERT INTO commerce_listing (id, quantity_kg, min_price_per_kg, is_auction, status, crop_id, seller_id) VALUES (2, 140, 8410, true, 'active', 2, 1);
INSERT INTO commerce_listing (id, quantity_kg, min_price_per_kg, is_auction, status, crop_id, seller_id) VALUES (3, 464, 8646, false, 'sold', 3, 1);
INSERT INTO commerce_listing (id, quantity_kg, min_price_per_kg, is_auction, status, crop_id, seller_id) VALUES (4, 336, 8323, false, 'active', 5, 1);
INSERT INTO commerce_listing (id, quantity_kg, min_price_per_kg, is_auction, status, crop_id, seller_id) VALUES (5, 327, 8454, false, 'active', 6, 2);
INSERT INTO commerce_listing (id, quantity_kg, min_price_per_kg, is_auction, status, crop_id, seller_id) VALUES (6, 192, 8736, false, 'active', 8, 2);
INSERT INTO commerce_listing (id, quantity_kg, min_price_per_kg, is_auction, status, crop_id, seller_id) VALUES (7, 461, 8883, false, 'active', 9, 2);
INSERT INTO commerce_listing (id, quantity_kg, min_price_per_kg, is_auction, status, crop_id, seller_id) VALUES (8, 422, 8196, false, 'active', 10, 2);

-- Ofertas
INSERT INTO commerce_bid (id, price_per_kg, created_at, buyer_id, listing_id) VALUES (1, 9137, '2025-06-14', 9, 2);
INSERT INTO commerce_bid (id, price_per_kg, created_at, buyer_id, listing_id) VALUES (2, 8947, '2025-10-13', 4, 2);
INSERT INTO commerce_bid (id, price_per_kg, created_at, buyer_id, listing_id) VALUES (3, 9331, '2025-06-08', 1, 2);
INSERT INTO commerce_bid (id, price_per_kg, created_at, buyer_id, listing_id) VALUES (4, 8997, '2025-05-17', 2, 2);
INSERT INTO commerce_bid (id, price_per_kg, created_at, buyer_id, listing_id) VALUES (5, 9326, '2025-08-18', 6, 2);

-- Facturas
INSERT INTO commerce_invoice (id, total_amount, created_at, is_proforma, buyer_id, listing_id) VALUES (1, 4024247, '2025-08-01', false, 7, 1);
INSERT INTO commerce_invoice (id, total_amount, created_at, is_proforma, buyer_id, listing_id) VALUES (2, 4111968, '2025-05-05', false, 8, 3);